timestamp,price
2025-02-06 13:01:52.501,98359.249482822
2025-02-06 14:08:31.052,98548.2185810839
2025-02-06 15:01:09.316,97920.76851950152
2025-02-06 16:02:47.492,97232.86007013674
2025-02-06 17:03:43.384,96581.82206855995
2025-02-06 18:04:00.401,96720.71725520355
2025-02-06 19:02:56.212,96340.12998876366
2025-02-06 20:04:01.843,95967.15004023662
2025-02-06 21:03:56.060,96900.66888552891
2025-02-06 22:01:12.092,96784.5850446752
2025-02-06 23:04:09.795,96928.85157608312
2025-02-07 00:03:51.765,96567.63486519158
2025-02-07 01:08:28.742,96656.38389228036
2025-02-07 02:04:10.825,97463.82094798237
2025-02-07 03:04:01.886,97585.5765251919
2025-02-07 04:03:58.031,97442.04681675724
2025-02-07 05:03:41.061,97459.12539682529
2025-02-07 06:01:37.655,97354.27325739387
2025-02-07 07:00:26.442,96876.89154634211
2025-02-07 08:03:51.391,96765.55824275386
2025-02-07 09:04:09.234,97129.2131679456
2025-02-07 10:03:50.207,97337.03098963221
2025-02-07 11:03:34.511,97316.41651615771
2025-02-07 12:00:56.631,97760.09397417755
2025-02-07 13:03:55.385,98006.31102408515
2025-02-07 14:03:06.155,98873.42490634344
2025-02-07 15:03:09.508,99606.01843437883
2025-02-07 16:04:13.816,98081.80812585702
2025-02-07 17:03:52.752,97880.47132241819
2025-02-07 18:04:23.151,97416.13593512993
2025-02-07 19:04:05.117,97758.33738706807
2025-02-07 20:04:14.604,96896.28982042264
2025-02-07 21:03:42.904,95746.87395405429
2025-02-07 22:03:50.336,96040.13865031378
2025-02-07 23:04:02.331,96108.29568062663
2025-02-08 00:04:04.306,96558.4563096667
2025-02-08 01:04:16.292,96670.89656751913
2025-02-08 02:04:15.147,96548.21819135682
2025-02-08 03:03:44.400,96786.35922159553
2025-02-08 04:03:45.095,96713.24797153489
2025-02-08 05:04:11.997,96320.34813679579
2025-02-08 06:04:06.448,96154.76117032336
2025-02-08 07:03:49.795,95952.52432602612
2025-02-08 08:04:00.625,96223.7407871112
2025-02-08 09:03:47.457,95905.61306579997
2025-02-08 10:02:34.123,96095.3786132481
2025-02-08 11:03:43.068,96039.32910256689
2025-02-08 12:04:08.355,96003.7579365969
2025-02-08 13:08:45.465,96087.21179559056
2025-02-08 14:03:52.395,96218.75936833651
2025-02-08 15:03:56.703,96072.01389415626
2025-02-08 16:03:51.360,95836.79513855922
2025-02-08 17:04:08.165,96168.08067753738
2025-02-08 18:03:56.480,96355.02099871126
2025-02-08 19:04:24.996,96518.94915955854
2025-02-08 20:04:01.049,96645.85029878837
2025-02-08 21:04:11.842,96484.13257174032
2025-02-08 22:03:47.816,96501.1504913647
2025-02-08 23:03:50.607,96487.0543625433
2025-02-09 00:04:17.343,96454.44602149501
2025-02-09 01:03:49.419,96569.42155748123
2025-02-09 02:03:48.177,97011.60027792904
2025-02-09 03:03:53.688,96779.30602990102
2025-02-09 04:08:40.312,97259.00138784561
2025-02-09 05:03:52.099,97267.4076648532
2025-02-09 06:03:57.204,97046.2789388488
2025-02-09 07:03:49.412,97028.92076912236
2025-02-09 08:04:08.033,97117.2428080168
2025-02-09 09:03:52.948,97108.03391440804
2025-02-09 10:03:54.094,96890.28323028823
2025-02-09 11:03:57.408,96808.57964192933
2025-02-09 12:05:50.891,96603.27364795694
2025-02-09 13:03:52.621,96550.38390104315
2025-02-09 14:03:56.421,95906.49171654721
2025-02-09 15:04:06.468,96162.13377205859
2025-02-09 16:01:09.843,96498.54652003417
2025-02-09 17:04:12.396,96458.06093493411
2025-02-09 18:08:51.218,96125.10211989976
2025-02-09 19:08:46.829,96218.25827497702
2025-02-09 20:03:51.775,96096.82739593633
2025-02-09 21:03:53.818,96325.2632461819
2025-02-09 22:03:52.847,95340.48294665758
2025-02-09 23:03:03.213,95841.1801230943
2025-02-10 00:04:12.806,96519.99549282841
2025-02-10 01:04:09.496,96766.93559529584
2025-02-10 02:03:44.925,95524.22026320195
2025-02-10 03:00:37.956,95821.87762306974
2025-02-10 04:03:41.360,96805.44643078477
2025-02-10 05:04:20.006,96961.36839920148
2025-02-10 06:02:42.650,97071.92621073166
2025-02-10 07:04:15.757,97151.54613521088
2025-02-10 08:07:13.748,97464.14633368152
2025-02-10 09:03:47.056,97701.28028726348
2025-02-10 10:01:24.403,97510.84742833716
2025-02-10 11:04:29.824,97730.66462298081
2025-02-10 12:04:12.943,97731.48183582605
2025-02-10 13:04:00.182,97403.90940767614
2025-02-10 14:04:27.572,98334.08502172824
2025-02-10 15:04:07.909,97346.47301436782
2025-02-10 16:03:57.314,97251.75237452232
2025-02-10 17:04:17.780,97303.13910111328
2025-02-10 18:04:02.921,97523.71433146537
2025-02-10 19:08:43.736,97585.55088034495
2025-02-10 20:04:33.853,97367.3655911921
2025-02-10 21:03:57.706,97343.1682807978
2025-02-10 22:00:51.728,97398.42007998587
2025-02-10 23:03:51.098,97390.4434974332
2025-02-11 00:03:16.889,97465.03795561657
2025-02-11 01:08:51.459,97996.74379122132
2025-02-11 02:04:00.545,98062.17536313026
2025-02-11 03:02:11.821,97840.1754897783
2025-02-11 04:04:07.829,97607.9294183258
2025-02-11 05:04:12.556,98044.67328804094
2025-02-11 06:03:58.166,98467.0013054058
2025-02-11 07:04:26.923,98423.6912281288
2025-02-11 08:03:57.944,98291.91112214026
2025-02-11 09:04:08.177,98271.14915988536
2025-02-11 10:04:11.776,98047.45718678787
2025-02-11 11:03:47.853,98009.83713490752
2025-02-11 12:04:20.249,98146.26604694665
2025-02-11 13:03:55.918,97785.0383083442
2025-02-11 14:04:06.434,96938.19708318585
2025-02-11 15:03:47.119,96977.78556048905
2025-02-11 16:07:07.324,96889.91975757855
2025-02-11 17:04:19.151,96315.37542059057
2025-02-11 18:04:19.864,96084.83930864246
2025-02-11 19:07:04.093,95551.77083156312
2025-02-11 20:02:59.012,95017.42507160608
2025-02-11 21:04:08.503,95303.46815226416
2025-02-11 22:04:19.586,96328.03689038444
2025-02-11 23:04:23.283,95561.70494164275
2025-02-12 00:04:04.920,95743.13972459143
2025-02-12 01:00:50.639,96077.33083493997
2025-02-12 02:04:10.902,96150.97841210228
2025-02-12 03:01:52.354,95535.57535709743
2025-02-12 04:03:03.459,95372.30093011959
2025-02-12 05:03:50.149,95508.78766861194
2025-02-12 06:04:12.696,95862.97586573691
2025-02-12 07:04:09.592,95809.99388128315
2025-02-12 08:01:43.765,95946.08824913332
2025-02-12 09:04:30.071,96281.23094009243
2025-02-12 10:03:32.376,96126.64137548784
2025-02-12 11:04:04.437,95982.41228195447
2025-02-12 12:04:06.062,96108.54335491334
2025-02-12 13:04:08.493,95918.14912302299
2025-02-12 14:04:09.506,94907.03940613412
2025-02-12 15:04:15.421,95383.62955535506
2025-02-12 16:03:50.406,95853.86268315182
2025-02-12 17:04:26.154,97131.40302480535
2025-02-12 18:04:16.791,97372.92506928637
2025-02-12 19:04:00.157,96927.40233152782
2025-02-12 20:09:02.782,97041.14442247873
2025-02-12 21:04:31.577,96953.21159837977
2025-02-12 22:04:06.802,97581.66121244403
2025-02-12 23:04:30.772,97917.74883920769
2025-02-13 00:04:19.716,97886.93195784716
2025-02-13 01:04:02.071,97822.8847791465
2025-02-13 02:04:21.301,97984.76780314116
2025-02-13 03:04:25.132,97482.69236537757
2025-02-13 04:04:10.538,97545.82090794371
2025-02-13 05:04:07.599,96884.50484747115
2025-02-13 06:04:33.632,96702.94414130866
2025-02-13 07:03:40.197,96045.87665482667
2025-02-13 08:04:12.989,96036.93855574471
2025-02-13 09:04:17.948,95893.42457979695
2025-02-13 10:00:25.788,96255.72778377474
2025-02-13 11:04:14.032,96139.62356455375
2025-02-13 12:04:00.551,95946.82224702308
2025-02-13 13:08:52.578,95767.65830889478
2025-02-13 14:04:22.419,96113.53673267111
2025-02-13 15:04:10.462,95878.64612431273
2025-02-13 16:03:59.822,95917.38358350989
2025-02-13 17:00:31.421,95458.140300641
2025-02-13 18:04:14.750,95637.78525555778
2025-02-13 19:03:54.469,96003.14980785846
2025-02-13 20:09:06.939,95782.51396129551
2025-02-13 21:04:01.322,96300.0609397171
2025-02-13 22:07:21.359,96497.23557421484
2025-02-13 23:01:45.959,96374.20669516998
2025-02-14 00:08:26.474,96666.70960779543
2025-02-14 01:04:18.947,96828.89943203412
2025-02-14 02:03:59.693,96532.5779782049
2025-02-14 03:04:10.767,96579.33951604052
2025-02-14 04:04:25.171,97152.49941358573
2025-02-14 05:04:15.695,96779.1732418888
2025-02-14 06:04:27.249,96703.60390210796
2025-02-14 07:00:19.209,96772.32613035057
2025-02-14 08:04:14.366,97004.55038734362
2025-02-14 09:04:20.803,96886.55281117093
2025-02-14 10:04:13.742,97140.50472343343
2025-02-14 11:04:14.630,97031.12535349325
2025-02-14 12:04:09.226,96901.61280060273
2025-02-14 13:03:35.410,96674.16542518875
2025-02-14 14:04:16.536,96817.72457029505
2025-02-14 15:04:08.030,97324.06933798644
2025-02-14 16:04:00.368,96961.0929667185
2025-02-14 17:04:14.298,97772.85353304356
2025-02-14 18:04:18.324,98623.62137807804
2025-02-14 19:03:35.581,98214.29854725617
2025-02-14 20:04:27.377,97961.4270398272
2025-02-14 21:08:51.836,97314.71761687646
2025-02-14 22:04:21.801,97381.31607548901
2025-02-14 23:04:09.783,97190.84281503958
2025-02-15 00:04:07.449,97525.56432832252
2025-02-15 01:02:44.761,97465.74346570221
2025-02-15 02:04:21.757,97811.65069075664
2025-02-15 03:01:10.495,97810.11853984169
2025-02-15 04:03:51.511,97680.37583137362
2025-02-15 05:09:01.276,97555.50423518383
2025-02-15 06:04:11.294,97596.36340969727
2025-02-15 07:09:24.932,97534.03412413939
2025-02-15 08:03:58.198,97401.87016895857
2025-02-15 09:04:11.383,97504.16571792305
2025-02-15 10:09:13.164,97524.57452619587
2025-02-15 11:00:59.437,97726.54687428048
2025-02-15 12:04:18.755,97599.45342665966
2025-02-15 13:01:43.979,97755.57301650841
2025-02-15 14:04:00.850,97743.06912727187
2025-02-15 15:04:20.336,97643.02998914919
2025-02-15 16:09:10.344,97690.30146549319
2025-02-15 17:03:55.009,97533.1040216401
2025-02-15 18:00:40.667,97422.02899712167
2025-02-15 19:00:33.236,97595.31113086389
2025-02-15 20:04:19.773,97588.83350317659
2025-02-15 21:04:15.188,97552.17038179221
2025-02-15 22:04:16.328,97709.33332248866
2025-02-15 23:03:30.801,97545.4160810322
2025-02-16 00:08:58.860,97651.63779310409
2025-02-16 01:03:17.474,97619.7866463706
2025-02-16 02:03:35.776,97670.43504008041
2025-02-16 03:00:38.025,97548.37442069995
2025-02-16 04:03:56.282,97557.1527649986
2025-02-16 05:03:59.283,97540.4302583713
2025-02-16 06:03:58.157,97602.86236725133
2025-02-16 07:01:12.853,97485.10316361366
2025-02-16 08:04:05.580,97230.9985896581
2025-02-16 09:07:02.379,97125.39953728911
2025-02-16 10:02:25.441,97374.59042056215
2025-02-16 11:03:27.604,97179.53603625878
2025-02-16 12:03:49.790,97336.20781895904
2025-02-16 13:03:56.263,97102.97273794797
2025-02-16 14:03:53.782,96820.88754034557
2025-02-16 15:04:03.853,96973.53423641954
2025-02-16 16:04:02.746,96965.21530590902
2025-02-16 17:04:15.153,97074.7553724119
2025-02-16 18:04:16.263,96972.41824936462
2025-02-16 19:02:37.915,96911.18680524954
2025-02-16 20:01:05.214,97057.54396616183
2025-02-16 21:03:54.909,96915.58776734979
2025-02-16 22:04:18.072,97161.8859953998
2025-02-16 23:03:42.553,96889.88885007307
2025-02-17 00:04:01.303,96122.86600485025
2025-02-17 01:04:16.994,96306.8893048766
2025-02-17 02:01:57.801,96529.14863264606
2025-02-17 03:00:53.065,96203.28295054514
2025-02-17 04:06:49.888,96185.61060460084
2025-02-17 05:04:01.732,96124.05481404
2025-02-17 06:03:47.584,96258.4683507194
2025-02-17 07:04:03.554,96363.60291349764
2025-02-17 08:04:02.845,96103.04905731311
2025-02-17 09:04:09.644,96125.59652377032
2025-02-17 10:04:47.383,96162.96642649428
2025-02-17 11:04:12.831,96115.17848679269
2025-02-17 12:04:09.411,96070.76836745605
2025-02-17 13:03:56.823,96472.19885359015
2025-02-17 14:09:01.694,96469.90302563595
2025-02-17 15:03:19.163,96825.39185696325
2025-02-17 16:03:59.096,95601.77121160176
2025-02-17 17:03:49.983,95367.30839787448
2025-02-17 18:04:08.444,95473.9227113629
2025-02-17 19:04:17.506,95305.81471590063
2025-02-17 20:04:24.419,95517.3362841228
2025-02-17 21:04:25.810,96001.22510228083
2025-02-17 22:04:28.726,96394.20010452533
2025-02-17 23:03:53.370,95910.6343997475
2025-02-18 00:04:13.462,95784.62953852078
2025-02-18 01:04:27.335,95657.12403089936
2025-02-18 02:04:14.216,96283.17216937791
2025-02-18 03:04:04.967,96049.47160409925
2025-02-18 04:03:52.652,96188.68435164474
2025-02-18 05:04:58.619,96057.16749618895
2025-02-18 06:04:36.443,95607.02526683104
2025-02-18 07:05:29.280,95364.76732236886
2025-02-18 08:09:27.434,95318.63732379173
2025-02-18 09:04:26.644,95189.2521445793
2025-02-18 10:00:45.871,95719.26020920448
2025-02-18 11:06:02.748,95713.43307222998
2025-02-18 12:00:37.611,95626.63610131448
2025-02-18 13:04:36.561,96171.78850952118
2025-02-18 14:04:52.860,96130.53749194527
2025-02-18 15:04:52.776,95503.68783507988
2025-02-18 16:07:39.716,95429.11009120086
2025-02-18 17:04:41.400,94580.67364083909
2025-02-18 18:04:52.675,94035.03488149004
2025-02-18 19:04:43.717,93902.52254777655
2025-02-18 20:01:48.970,94054.50815083837
2025-02-18 21:04:45.201,94134.52184393156
2025-02-18 22:02:04.924,94953.73212288553
2025-02-18 23:05:35.383,95259.61791981726
2025-02-19 00:03:23.374,95613.70786478418
2025-02-19 01:03:28.072,95280.7459174621
2025-02-19 02:04:50.779,95317.50472754847
2025-02-19 03:04:27.107,95727.74865208809
2025-02-19 04:09:39.896,95665.49231937547
2025-02-19 05:04:21.217,95176.94369782117
2025-02-19 06:04:30.541,95224.12571943826
2025-02-19 07:04:54.369,95586.35220471295
2025-02-19 08:09:25.956,95680.7581641533
2025-02-19 09:04:36.363,95590.61583351126
2025-02-19 10:04:49.901,95949.78606201638
2025-02-19 11:04:19.894,96302.84963715746
2025-02-19 12:06:38.418,96414.46175112732
2025-02-19 13:04:30.798,96194.7062967688
2025-02-19 14:04:39.998,96235.09041058479
2025-02-19 15:04:21.303,95728.44469201894
2025-02-19 16:00:33.141,95946.65997661931
2025-02-19 17:04:53.114,96051.7756014956
2025-02-19 18:04:53.124,96386.72652871323
2025-02-19 19:07:06.834,95622.78488625766
2025-02-19 20:04:39.239,96157.47075255743
2025-02-19 21:04:44.679,96137.40416742311
2025-02-19 22:05:34.349,96423.82994264697
2025-02-19 23:03:42.693,96540.84301900618
2025-02-20 00:06:16.528,96631.9764747056
2025-02-20 01:04:55.780,96836.56956169584
2025-02-20 02:03:02.861,96753.44819523895
2025-02-20 03:00:38.172,97179.21961256368
2025-02-20 04:04:44.986,97060.52011571353
2025-02-20 05:00:35.014,97183.01235981267
2025-02-20 06:05:01.256,96922.7147115594
2025-02-20 07:01:07.175,96913.83407061106
2025-02-20 08:04:41.781,97004.88168451515
2025-02-20 09:01:01.985,97188.8027667773
2025-02-20 10:04:45.189,97192.89155485418
2025-02-20 11:05:54.364,97406.95451404073
2025-02-20 12:04:53.780,97248.13930504581
2025-02-20 13:04:21.306,97439.5651782597
2025-02-20 14:05:43.049,97597.5898426476
2025-02-20 15:09:30.030,97202.8689987542
2025-02-20 16:04:41.884,96876.26093402511
2025-02-20 17:06:49.908,97714.3371744566
2025-02-20 18:03:34.411,98018.59661832507
2025-02-20 19:04:46.413,98338.7018272712
2025-02-20 20:07:50.481,98481.54369856586
2025-02-20 21:04:48.201,98519.0592307595
2025-02-20 22:04:20.397,98022.05812096567
2025-02-20 23:04:56.646,98227.3320679309
2025-02-21 00:04:28.449,98336.68799774042
2025-02-21 01:07:45.226,98250.85003188688
2025-02-21 02:04:57.538,98368.18235937174
2025-02-21 03:04:46.043,98126.16133511938
2025-02-21 04:04:36.364,98241.82244249899
2025-02-21 05:04:43.530,98247.45441227335
2025-02-21 06:09:18.155,98328.75213668121
2025-02-21 07:00:30.275,98421.66598679434
2025-02-21 08:04:23.729,98190.5219426655
2025-02-21 09:04:49.539,98306.70568096745
2025-02-21 10:04:26.847,98354.95929916999
2025-02-21 11:00:52.127,98635.9937326328
2025-02-21 12:04:51.988,98641.48664582448
2025-02-21 13:03:40.066,98941.1725782136
2025-02-21 14:07:40.214,99244.09049710589
2025-02-21 15:04:38.351,98689.12290385604
2025-02-21 16:01:43.142,98200.30835870569
2025-02-21 17:04:16.439,98208.05256779343
2025-02-21 18:04:42.447,97057.94737411733
2025-02-21 19:04:57.810,96432.40639733619
2025-02-21 20:04:57.717,95188.4232914197
2025-02-21 21:01:41.905,94909.23471393716
2025-02-21 22:04:46.216,95374.40372435798
2025-02-21 23:04:58.218,95744.67131189487
2025-02-22 00:04:32.453,96135.15541305285
2025-02-22 01:03:49.822,96175.80021236626
2025-02-22 02:04:57.978,96214.64163369463
2025-02-22 03:03:51.217,96324.83585906116
2025-02-22 04:05:58.222,96379.27904139952
2025-02-22 05:00:34.202,96361.62676840216
2025-02-22 06:04:58.495,96448.06002721623
2025-02-22 07:04:54.123,96389.686033179
2025-02-22 08:03:34.715,96304.5157111551
2025-02-22 09:05:12.632,96211.30637187278
2025-02-22 10:04:05.336,96479.11808533416
2025-02-22 11:04:46.590,96480.22631988948
2025-02-22 12:04:29.298,96594.85836473043
2025-02-22 13:01:07.696,96857.71626951931
2025-02-22 14:09:22.015,96640.432707833
2025-02-22 15:05:21.603,96533.46795238968
2025-02-22 16:04:48.803,96582.88770834969
2025-02-22 17:04:43.302,96493.95352259732
2025-02-22 18:04:59.220,96668.33083690105
2025-02-22 19:02:15.198,96417.94490841779
2025-02-22 20:04:50.643,96631.34570897685
2025-02-22 21:04:44.980,96576.69186359123
2025-02-22 22:01:33.157,96676.44236752397
2025-02-22 23:05:45.135,96635.74766480611
2025-02-23 00:04:47.721,96526.3245193673
2025-02-23 01:04:50.090,96652.72840228872
2025-02-23 02:04:51.387,96486.16095700496
2025-02-23 03:04:36.316,96413.29570390456
2025-02-23 04:04:41.720,96433.35114701596
2025-02-23 05:04:46.475,96423.40572186683
2025-02-23 06:04:37.616,96216.37468385046
2025-02-23 07:02:03.265,96345.70036309761
2025-02-23 08:04:31.344,96532.36465453282
2025-02-23 09:04:53.321,96345.45264741067
2025-02-23 10:00:21.052,96327.06984242801
2025-02-23 11:04:48.539,96170.77690652086
2025-02-23 12:00:50.617,96113.94673119442
2025-02-23 13:04:51.833,95729.51884312728
2025-02-23 14:04:49.250,95910.3437706451
2025-02-23 15:04:45.840,95578.6571267704
2025-02-23 16:04:37.446,95432.65221910209
2025-02-23 17:04:48.221,95425.30528594145
2025-02-23 18:05:32.331,95664.86676122127
2025-02-23 19:09:24.749,95807.78271920708
2025-02-23 20:04:57.514,95748.56191472913
2025-02-23 21:04:48.030,95784.84215984003
2025-02-23 22:04:56.654,95764.18321415772
2025-02-23 23:09:21.219,96100.14512743866
2025-02-24 00:03:58.045,96265.42843123179
2025-02-24 01:04:32.015,96235.4969392334
2025-02-24 02:04:40.171,95980.26132457636
2025-02-24 03:04:27.810,95792.0954841429
2025-02-24 04:04:56.717,95444.921653889
2025-02-24 05:01:04.500,95286.7956865605
2025-02-24 06:04:32.274,95738.04972301621
2025-02-24 07:04:24.571,95913.34522050363
2025-02-24 08:04:48.274,95901.8386976779
2025-02-24 09:04:55.513,95542.30879671387
2025-02-24 10:04:38.788,95806.49386697571
2025-02-24 11:04:29.936,95640.85834666436
2025-02-24 12:04:45.829,95832.80810182482
2025-02-24 13:04:42.429,95796.86204044832
2025-02-24 14:04:10.530,95536.92475658203
2025-02-24 15:05:00.194,94752.9231933443
2025-02-24 16:07:36.417,94242.24036204048
2025-02-24 17:04:48.544,94308.47790279647
2025-02-24 18:04:55.855,94634.09914253639
2025-02-24 19:04:43.068,94136.87035612758
2025-02-24 20:04:32.403,93870.86137654915
2025-02-24 21:03:37.801,93976.22734751913
2025-02-24 22:04:58.981,93954.42572459971
2025-02-24 23:04:10.160,92361.39840402018
2025-02-25 00:04:59.811,91581.54822567313
2025-02-25 01:01:30.844,91837.13011638554
2025-02-25 02:04:20.838,92013.31215072384
2025-02-25 03:04:56.335,92306.01372151902
2025-02-25 04:04:46.408,92105.6033404217
2025-02-25 05:09:18.813,91820.5412072708
2025-02-25 06:06:35.030,91940.55326491955
2025-02-25 07:04:47.171,91256.70542813146
2025-02-25 08:04:15.825,89090.97043741599
2025-02-25 09:01:02.370,89396.73950666585
2025-02-25 10:05:57.382,88440.37884721062
2025-02-25 11:04:36.059,88201.3382303592
2025-02-25 12:04:46.178,89256.52949098358
2025-02-25 13:04:40.670,89391.201092851
2025-02-25 14:09:28.139,88789.8197934742
2025-02-25 15:09:24.610,86867.66638189416
2025-02-25 16:09:24.690,86776.4546745387
2025-02-25 17:09:15.140,87366.87218874015
2025-02-25 18:09:41.791,87392.79936497574
2025-02-25 19:01:49.546,86941.61569710268
2025-02-25 20:04:53.681,87837.98611845393
2025-02-25 21:01:39.627,88056.54698126936
2025-02-25 22:09:45.639,89142.8156418093
2025-02-25 23:09:38.390,89006.72620143932
2025-02-26 00:08:53.938,88463.02814951622
2025-02-26 01:09:45.658,88129.4582649271
2025-02-26 02:05:27.951,88582.89007988699
2025-02-26 03:08:26.575,89010.2709977032
2025-02-26 04:09:26.619,88849.42547092162
2025-02-26 05:04:43.636,88627.54762623741
2025-02-26 06:04:48.324,88377.108768736
2025-02-26 07:09:08.380,88829.00914641502
2025-02-26 08:04:36.710,88672.10610119285
2025-02-26 09:04:17.986,88447.98677406105
2025-02-26 10:04:49.265,89035.46679968933
2025-02-26 11:05:30.847,89191.07152838832
2025-02-26 12:04:19.989,88591.27153709585
2025-02-26 13:04:57.308,87915.24559540932
2025-02-26 14:04:53.742,86973.31331258506
2025-02-26 15:04:41.245,87527.16336925325
2025-02-26 16:01:06.530,87384.08580336162
2025-02-26 17:05:35.340,86693.74231687622
2025-02-26 18:04:52.167,85901.66149196563
2025-02-26 19:04:58.494,84103.29594104021
2025-02-26 20:07:03.343,83753.25723879317
2025-02-26 21:05:29.701,84033.67383603823
2025-02-26 22:04:51.580,84508.0886401965
2025-02-26 23:04:44.223,84301.81196811788
2025-02-27 00:04:57.146,84136.6270309708
2025-02-27 01:00:33.204,84539.85867570058
2025-02-27 02:07:39.379,84559.84873137249
2025-02-27 03:03:23.975,84283.81642317647
2025-02-27 04:04:18.422,85132.65827117102
2025-02-27 05:09:12.323,85035.83826254253
2025-02-27 06:04:45.122,85749.7757679238
2025-02-27 07:04:28.938,86174.31224944406
2025-02-27 08:04:28.696,86219.35590995634
2025-02-27 09:04:38.683,85993.04087670334
2025-02-27 10:04:44.385,86074.32031147683
2025-02-27 11:04:50.652,86951.11150965454
2025-02-27 12:04:58.578,86658.62256231347
2025-02-27 13:04:42.833,86247.63680503149
2025-02-27 14:04:54.100,86051.58311473635
2025-02-27 15:04:44.189,84937.58784593474
2025-02-27 16:12:05.479,85465.98308790909
2025-02-27 17:06:45.252,84434.42898184851
2025-02-27 18:04:35.450,84484.3560760712
2025-02-27 19:09:29.693,84308.63045291128
2025-02-27 20:04:49.162,83946.71468689031
2025-02-27 21:04:41.086,83456.54639867684
2025-02-27 22:04:57.260,84201.35039951056
2025-02-27 23:04:30.095,84575.08070076704
2025-02-28 00:05:00.195,84689.50963635083
2025-02-28 01:04:49.739,84174.60386136748
2025-02-28 02:05:42.417,81731.45985922733
2025-02-28 03:09:52.358,81150.26278342587
2025-02-28 04:04:55.802,80450.79294794661
2025-02-28 05:01:46.910,80327.90968370625
2025-02-28 06:04:43.440,79873.24246763966
2025-02-28 07:08:53.466,79796.03338247676
2025-02-28 08:04:36.289,79079.23853988826
2025-02-28 09:04:31.902,78940.43864942867
2025-02-28 10:09:24.105,79998.57693365982
2025-02-28 11:04:46.563,79962.43838770282
2025-02-28 12:03:00.812,80435.1886242044
2025-02-28 13:04:36.416,80772.67815795937
2025-02-28 14:04:47.958,81473.42315333462
2025-02-28 15:09:21.818,82319.00615781517
2025-02-28 16:03:36.928,83979.37551380234
2025-02-28 17:02:36.098,84391.42017096882
2025-02-28 18:01:49.181,83657.49178573994
2025-02-28 19:03:23.947,84357.8359375325
2025-02-28 20:04:47.805,84401.15171227718
2025-02-28 21:04:46.499,84180.34506243317
2025-02-28 22:07:23.300,84366.4982526792
2025-02-28 23:09:29.129,84116.90940478408
2025-03-01 00:04:49.222,84316.57799844211
2025-03-01 01:04:45.960,83818.25957742738
2025-03-01 02:06:09.617,84377.49004801741
2025-03-01 03:04:50.497,85258.01997722525
2025-03-01 04:04:52.221,85288.51830750107
2025-03-01 05:04:58.266,86187.61560877925
2025-03-01 06:09:43.335,85499.73208015299
2025-03-01 07:04:40.353,85040.27992527063
2025-03-01 08:09:49.820,84987.8829445724
2025-03-01 09:04:56.475,85248.50951064646
2025-03-01 10:03:00.727,85333.49904975179
2025-03-01 11:04:40.471,84842.21597267754
2025-03-01 12:04:47.671,84600.52864758584
2025-03-01 13:01:32.159,84785.19164229938
2025-03-01 14:04:57.680,84452.16671372668
2025-03-01 15:03:19.617,84684.87464077682
2025-03-01 16:09:39.057,84659.92894806841
2025-03-01 17:04:56.828,85280.03180448567
2025-03-01 18:04:48.755,85167.93027730213
2025-03-01 19:09:40.183,85261.85384218712
2025-03-01 20:08:47.032,85357.75007854645
2025-03-01 21:09:43.546,85499.63370083639
2025-03-01 22:04:49.001,86040.13401090879
2025-03-01 23:09:48.398,86064.6646695572
2025-03-02 00:04:58.408,85982.6656372778
2025-03-02 01:04:52.943,85984.92968484931
2025-03-02 02:04:41.101,86325.16846001119
2025-03-02 03:05:40.359,85726.58136584464
2025-03-02 04:05:00.204,85824.99311969621
2025-03-02 05:06:10.915,85655.19135378071
2025-03-02 06:04:57.684,85930.4029532836
2025-03-02 07:06:07.098,86246.64068135856
2025-03-02 08:04:59.622,86207.33731471795
2025-03-02 09:04:42.644,85733.27090027815
2025-03-02 10:03:21.159,85861.56494055038
2025-03-02 11:02:33.052,85974.46210057012
2025-03-02 12:08:17.642,85952.41873108123
2025-03-02 13:04:34.513,85945.65637691983
2025-03-02 14:03:32.213,85673.0709138241
2025-03-02 15:02:50.195,85075.19099390629
2025-03-02 16:04:56.774,87445.5430848164
2025-03-02 17:02:27.716,91378.26201151186
2025-03-02 18:01:37.716,94183.67640464348
2025-03-02 19:04:59.772,92908.06234717843
2025-03-02 20:04:41.055,93553.2099599375
2025-03-02 21:04:10.894,94442.43103320176
2025-03-02 22:06:28.822,93993.49502205626
2025-03-02 23:09:28.211,94770.10370201574
2025-03-03 00:04:52.201,94261.53286538439
2025-03-03 01:09:34.401,93235.73548423624
2025-03-03 02:06:06.737,92994.25280972291
2025-03-03 03:03:23.792,93323.7976962091
2025-03-03 04:07:38.593,92682.02628626079
2025-03-03 05:09:02.287,93025.760601398
2025-03-03 06:04:27.545,93302.25115067598
2025-03-03 07:01:06.305,91464.20916332758
2025-03-03 08:08:22.419,92319.03215389892
2025-03-03 09:04:48.537,91365.5560267108
2025-03-03 10:04:53.548,91840.96195107298
2025-03-03 11:04:57.225,92520.05256903946
2025-03-03 12:02:23.152,92704.99332627936
2025-03-03 13:09:42.742,93184.11440212942
2025-03-03 14:00:29.738,93288.33219257377
2025-03-03 15:09:47.133,89948.47284407713
2025-03-03 16:03:35.519,90078.29699874723
2025-03-03 17:00:50.731,90100.55793547307
2025-03-03 18:00:27.806,90362.03357256715
2025-03-03 19:09:53.449,87491.4206062274
2025-03-03 20:04:59.600,85545.7625233458
2025-03-03 21:09:57.763,86058.30490682101
2025-03-03 22:04:20.857,85204.63043242115
2025-03-03 23:09:52.654,86170.71147754729
2025-03-04 00:07:26.499,86009.33348231346
2025-03-04 01:05:15.772,86121.81430043305
2025-03-04 02:09:42.514,83547.88761068918
2025-03-04 03:04:40.863,83972.72380658488
2025-03-04 04:04:42.805,83894.60765773285
2025-03-04 05:02:36.907,83415.32852921398
2025-03-04 06:09:47.788,84208.53292141939
2025-03-04 07:02:51.018,83856.74936488515
2025-03-04 08:04:42.529,83176.65536982972
2025-03-04 09:04:38.281,83842.65217935151
2025-03-04 10:04:50.960,83797.859996219
2025-03-04 11:09:25.426,83870.76608750969
2025-03-04 12:09:27.712,83840.8128569342
2025-03-04 13:04:46.725,83704.19016400714
2025-03-04 14:00:49.130,82681.05172860001
2025-03-04 15:04:53.276,83066.2270465692
2025-03-04 16:03:54.010,82922.8590885219
2025-03-04 17:05:34.581,83663.71104143023
2025-03-04 18:09:22.346,85454.70850609809
2025-03-04 19:02:35.062,86734.75594854711
2025-03-04 20:09:31.356,87903.09912509412
2025-03-04 21:09:09.072,86892.91764570212
2025-03-04 22:09:37.480,87654.10477359233
2025-03-04 23:05:05.626,87536.70299445765
2025-03-05 00:05:17.158,87310.80531078295
2025-03-05 01:09:28.500,86671.69226701841
2025-03-05 02:04:59.180,87636.02617297841
2025-03-05 03:04:22.285,87336.45385836615
2025-03-05 04:02:20.356,86728.88847600293
2025-03-05 05:04:50.902,86938.4775519185
2025-03-05 06:04:38.467,87196.79381349821
2025-03-05 07:09:27.015,87572.61283398556
2025-03-05 08:09:35.131,87642.61154756158
2025-03-05 09:02:37.473,87717.3980065317
2025-03-05 10:09:24.495,88641.41361763507
2025-03-05 11:05:18.006,89850.54371051837
2025-03-05 12:03:04.102,89753.15776222358
2025-03-05 13:01:53.736,90352.05950695107
2025-03-05 14:04:40.511,89433.26802498609
2025-03-05 15:09:07.195,89053.99855085106
2025-03-05 16:04:55.249,88337.21345459952
2025-03-05 17:04:39.969,89190.8514508287
2025-03-05 18:08:45.387,89693.88203144133
2025-03-05 19:04:51.192,89762.80824021908
2025-03-05 20:04:49.214,89840.50983422284
2025-03-05 21:04:42.924,90363.81178680262
2025-03-05 22:09:34.888,90315.43269286388
2025-03-05 23:03:30.643,90503.36669781877
2025-03-06 00:09:15.277,90746.37808455544
2025-03-06 01:07:27.861,90173.67851810707
2025-03-06 02:08:58.379,91565.19124357773
2025-03-06 03:06:46.257,91833.40344858613
2025-03-06 04:03:45.636,91778.32417365785
2025-03-06 05:04:33.957,92300.44149363266
2025-03-06 07:04:29.884,91906.28728287248
2025-03-06 08:04:57.205,91331.32236389222
2025-03-06 09:04:41.899,91202.75078154197
2025-03-06 10:01:39.106,90733.51714965983
2025-03-06 11:08:33.421,91044.06230513072
2025-03-06 12:02:29.709,91336.03520982015
2025-03-06 13:05:14.115,90211.93247418404
2025-03-06 14:04:25.290,89582.37084959116
2025-03-06 15:04:54.100,89907.2491350427
2025-03-06 16:09:58.971,90975.81551374556
2025-03-06 17:09:37.465,88376.11449099529
2025-03-06 18:09:45.210,88647.72782696952
2025-03-06 19:04:57.636,88396.31309600835
2025-03-06 20:04:52.643,89057.38701611568
2025-03-06 21:04:51.470,89144.13673375164
2025-03-06 22:03:41.873,89469.52920050574
2025-03-06 23:09:42.954,90450.752622387
2025-03-07 00:04:45.916,89924.21242214506
2025-03-07 01:04:38.655,85590.46644276992
2025-03-07 02:04:53.352,88065.84191323837
2025-03-07 03:03:51.158,87271.80248912342
2025-03-07 04:09:13.683,87042.73344323806
2025-03-07 05:04:51.520,87679.70424451
2025-03-07 06:04:47.877,88258.51066032593
2025-03-07 07:05:31.022,88314.21615036289
2025-03-07 08:04:52.441,88320.92622329212
2025-03-07 09:04:51.273,88405.65836333216
2025-03-07 10:03:16.463,88924.81213521794
2025-03-07 11:09:01.052,89111.65620602341
2025-03-07 12:04:28.809,88902.02000740796
2025-03-07 13:04:45.729,89125.67845016974
2025-03-07 14:04:19.443,89244.5516035285
2025-03-07 15:09:30.238,90647.79774677548
2025-03-07 16:03:46.811,88400.14740092268
2025-03-07 17:04:45.624,87154.86514264582
2025-03-07 18:09:34.770,88141.8174666587
2025-03-07 19:04:49.766,88541.86793090396
2025-03-07 20:04:35.701,87732.0584170869
2025-03-07 21:04:50.673,87087.52556159606
2025-03-07 22:07:52.114,86074.17176417045
2025-03-07 23:05:40.479,86744.24445440294
2025-03-08 00:05:14.713,86719.52967663977
2025-03-08 01:05:21.368,86828.25763790608
2025-03-08 02:05:41.100,85996.318846237
2025-03-08 03:08:01.201,86033.33085080402
2025-03-08 04:00:31.701,85923.7255070287
2025-03-08 05:04:42.108,86429.28703776673
2025-03-08 06:04:54.087,86272.32934188849
2025-03-08 07:04:57.243,86446.61234844815
2025-03-08 08:04:51.873,86159.46358384956
2025-03-08 09:05:03.808,86086.71730752365
2025-03-08 10:04:45.239,85917.18104453273
2025-03-08 11:04:17.792,86117.70061095654
2025-03-08 12:04:04.970,85921.73893775303
2025-03-08 13:04:51.717,86191.79335973802
2025-03-08 14:09:33.538,86367.34063862744
2025-03-08 15:04:45.879,86321.57388571232
2025-03-08 16:09:48.789,86336.38588461682
2025-03-08 17:03:52.315,86100.88808714508
2025-03-08 18:05:28.054,85960.72871801039
2025-03-08 19:03:35.924,86012.24203443361
2025-03-08 20:09:52.114,86275.61641153895
2025-03-08 21:09:47.105,86250.70845899022
2025-03-08 22:09:49.671,86212.46281249195
2025-03-08 23:09:58.589,86295.78124249187
2025-03-09 00:04:52.375,86173.28335601451
2025-03-09 01:08:18.782,86482.71540062728
2025-03-09 02:05:33.990,86209.52375647992
2025-03-09 03:08:45.440,85961.58647248213
2025-03-09 04:09:32.795,86047.49036384479
2025-03-09 05:04:50.869,86040.18356410651
2025-03-09 06:04:50.680,86000.70936885416
2025-03-09 07:08:53.886,85920.96629797174
2025-03-09 08:04:59.072,85977.0787526352
2025-03-09 09:02:08.911,85799.05874600667
2025-03-09 10:04:34.285,85560.22495548673
2025-03-09 11:04:51.262,84910.69583247308
2025-03-09 12:03:21.493,85036.72284003632
2025-03-09 13:09:49.477,84685.97978656797
2025-03-09 14:09:38.579,83332.0655384259
2025-03-09 15:09:53.965,83574.5108562199
2025-03-09 16:02:27.130,83052.85746851926
2025-03-09 17:04:47.921,82556.83567815712
2025-03-09 18:09:32.873,82584.92274538855
2025-03-09 19:07:08.861,82470.08205523597
2025-03-09 20:04:48.983,82654.8713552498
2025-03-09 21:04:49.758,83065.63858118771
2025-03-09 22:01:57.639,81876.58012977014
2025-03-09 23:09:24.782,80182.87188781645
2025-03-10 00:05:56.716,80674.95605846473
2025-03-10 01:04:52.018,81296.78489902265
2025-03-10 02:08:18.322,81585.60219948366
2025-03-10 03:04:30.203,82153.9633762446
2025-03-10 04:09:43.365,82275.77503867827
2025-03-10 05:01:11.568,82594.63758054533
2025-03-10 06:03:14.886,82318.71368767633
2025-03-10 07:04:37.855,82358.2750533279
2025-03-10 08:04:56.102,82343.42704338364
2025-03-10 09:02:41.882,81313.3266600055
2025-03-10 10:09:44.132,82487.28911920935
2025-03-10 11:09:46.110,82429.6316250025
2025-03-10 12:06:03.868,83620.17030648564
2025-03-10 13:04:51.946,83263.6093863294
2025-03-10 14:08:27.016,80589.75308067302
2025-03-10 15:05:44.084,79367.30394685987
2025-03-10 16:04:50.724,80035.9520312988
2025-03-10 17:04:48.287,79195.70533532878
2025-03-10 18:01:39.725,78538.34915812933
2025-03-10 19:04:45.249,77494.5999450215
2025-03-10 20:08:52.201,78880.11223709627
2025-03-10 21:04:43.016,79366.4867385192
2025-03-10 22:06:13.338,79473.53229603526
2025-03-10 23:04:37.499,79505.93316264477
2025-03-11 00:04:46.566,78537.05805794513
2025-03-11 01:05:36.450,77186.92631492284
2025-03-11 02:03:36.428,79080.26510244102
2025-03-11 03:09:44.099,79348.17308679354
2025-03-11 04:04:52.436,79475.39891601757
2025-03-11 05:02:02.474,79779.07033567471
2025-03-11 06:05:25.747,80271.29118843551
2025-03-11 07:09:54.603,80305.86988849436
2025-03-11 08:09:53.415,80428.12261085547
2025-03-11 09:04:24.174,81207.40156455616
2025-03-11 10:01:11.265,81494.18849077556
2025-03-11 11:01:27.631,81788.49157040409
2025-03-11 12:09:48.503,81525.57519757233
2025-03-11 13:03:06.137,81136.77348524275
2025-03-11 14:04:45.337,80881.78302235727
2025-03-11 15:04:56.277,79828.50693030546
2025-03-11 16:02:41.900,81232.56177617155
2025-03-11 17:02:28.324,81217.85170939227
2025-03-11 18:04:57.732,81336.13046672981
2025-03-11 19:08:34.019,83185.92996285958
2025-03-11 20:09:46.071,83019.95454728934
2025-03-11 21:04:52.582,82804.22144356178
2025-03-11 22:05:27.043,83196.76104395698
2025-03-11 23:01:23.248,83157.48605838082
2025-03-12 00:09:44.594,82753.77759522418
2025-03-12 01:05:45.444,82751.87792950893
2025-03-12 02:04:57.366,83297.33630586542
2025-03-12 03:09:41.580,82338.26682572266
2025-03-12 04:09:31.727,81766.78389449522
2025-03-12 05:03:24.218,81754.1245019308
2025-03-12 06:04:51.939,81962.70572429236
2025-03-12 07:09:58.117,81450.3753315832
2025-03-12 08:06:39.156,82626.00983988849
2025-03-12 09:09:48.883,82867.53648272774
2025-03-12 10:07:52.316,82561.32217876334
2025-03-12 11:01:37.287,82486.2091764555
2025-03-12 12:04:12.948,83005.6112865534
2025-03-12 13:09:41.796,83969.50401830622
2025-03-12 14:04:52.821,82566.35571707349
2025-03-12 15:10:02.168,80869.73779222043
2025-03-12 16:10:14.350,81943.80956736875
2025-03-12 17:09:58.794,82134.7668472382
2025-03-12 18:00:35.175,81756.64455396934
2025-03-12 19:14:50.099,82749.3005623581
2025-03-12 20:09:42.888,82714.73111902464
2025-03-12 21:00:07.721,83030.39791191753
2025-03-12 22:00:44.905,83052.15476723097
2025-03-12 23:02:11.954,83667.40552069119
2025-03-13 00:01:31.524,83678.46552437067
2025-03-13 01:03:17.916,83447.21124752637
2025-03-13 02:04:56.825,83939.38948062022
2025-03-13 03:00:03.565,83863.46234378686
2025-03-13 04:09:46.970,83615.50444912049
2025-03-13 05:09:42.837,83394.01020328267
2025-03-13 06:04:57.261,83164.68423944434
2025-03-13 07:09:58.822,83325.27644551267
2025-03-13 08:04:36.894,83215.88772029582
2025-03-13 09:01:52.512,83033.68182451143
2025-03-13 10:04:54.165,83436.61690895562
2025-03-13 11:06:27.741,83144.63136911465
2025-03-13 12:04:57.523,82952.69797861924
2025-03-13 13:03:19.493,82434.36146393258
2025-03-13 14:01:46.586,81656.03101584468
2025-03-13 15:08:53.332,81825.63712399587
2025-03-13 16:04:47.145,81014.47157692818
2025-03-13 17:12:15.955,80684.14399248677
2025-03-13 18:09:57.127,80383.07163334191
2025-03-13 19:03:35.222,80796.81759111806
2025-03-13 20:04:59.379,80217.83930689494
2025-03-13 21:09:56.452,80339.66102446825
2025-03-13 22:05:14.752,80647.62378166379
2025-03-13 23:17:54.208,81318.85219010353
2025-03-14 00:14:42.006,80857.26701703468
2025-03-14 01:01:12.907,81572.1907424432
2025-03-14 02:09:42.635,81700.5458810393
2025-03-14 03:09:41.695,82029.29376942904
2025-03-14 04:01:42.009,81814.60028807537
2025-03-14 05:00:30.032,81929.68374665309
2025-03-14 06:09:47.673,82109.20290001745
2025-03-14 07:08:51.504,81961.84041200494
2025-03-14 08:06:41.610,82293.4314146896
2025-03-14 09:04:10.784,82591.2804864649
2025-03-14 10:03:30.150,82765.49277586125
2025-03-14 11:05:36.747,83032.3513594644
2025-03-14 12:04:53.658,83285.94816925052
2025-03-14 13:04:45.028,83412.0919014835
2025-03-14 14:02:04.791,83596.51735562595
2025-03-14 15:04:31.069,83264.95867344199
2025-03-14 16:08:45.726,84727.83488216766
2025-03-14 17:10:37.259,84622.75627876476
2025-03-14 18:08:53.081,84553.36384711522
2025-03-14 19:01:21.868,84565.22545311949
2025-03-14 20:04:44.117,84536.46356442082
2025-03-14 21:09:43.239,84131.61719559043
2025-03-14 22:05:39.281,84207.15781003753
2025-03-14 23:10:11.528,84346.89648742026
2025-03-15 00:03:07.120,83955.00378884435
2025-03-15 01:04:56.647,84316.41004792161
2025-03-15 02:04:51.660,84378.94751072212
2025-03-15 03:09:40.158,84505.5781189017
2025-03-15 04:02:54.927,84476.52475723809
2025-03-15 05:07:20.634,84381.74557966145
2025-03-15 06:04:14.908,84314.86749685973
2025-03-15 07:04:53.862,84170.28914764302
2025-03-15 08:09:47.702,83863.26278107218
2025-03-15 09:00:28.305,83953.64902106512
2025-03-15 10:09:56.545,83931.86372679561
2025-03-15 11:04:59.472,83924.71665747926
2025-03-15 12:04:55.566,84077.984480905
2025-03-15 13:05:02.074,84133.58364594172
2025-03-15 14:04:52.340,84397.93103623143
2025-03-15 15:03:13.955,84141.80648875001
2025-03-15 16:11:31.681,84282.5733553542
2025-03-15 17:04:00.332,84351.03100749975
2025-03-15 18:09:25.080,84450.69621702406
2025-03-15 19:09:50.983,84173.30840256019
2025-03-15 20:04:57.504,84295.2224544024
2025-03-15 21:02:18.200,84369.37930960456
2025-03-15 22:04:59.786,84374.89491697127
2025-03-15 23:09:39.407,84358.9159883021
2025-03-16 00:08:46.119,84354.47191448158
2025-03-16 01:04:44.371,84244.23238441288
2025-03-16 02:02:06.515,83899.48633774147
2025-03-16 03:02:06.534,83955.58636192667
2025-03-16 04:04:52.346,84323.27268421142
2025-03-16 05:04:55.469,84418.91164824746
2025-03-16 06:04:54.666,84356.03663149933
2025-03-16 07:06:12.598,84219.52762087784
2025-03-16 08:04:51.494,84278.08716723607
2025-03-16 09:07:28.503,84223.87397209837
2025-03-16 10:04:59.794,83875.92487677633
2025-03-16 11:09:59.680,83404.4666080581
2025-03-16 12:04:54.861,82420.98968021553
2025-03-16 13:08:03.310,82904.91793465686
2025-03-16 14:09:41.610,82891.18824385572
2025-03-16 15:03:58.489,83368.7697151249
2025-03-16 16:03:49.887,83327.41736609103
2025-03-16 17:10:45.596,83963.75617065372
2025-03-16 18:09:56.347,83850.26919968214
2025-03-16 19:11:05.959,83673.10408191198
2025-03-16 20:09:45.562,83257.2524364498
2025-03-16 21:09:52.499,83054.93850488712
2025-03-16 22:04:49.388,82743.13181426356
2025-03-16 23:04:36.763,82077.84518119802
2025-03-17 00:09:48.565,82617.7331241566
2025-03-17 01:09:39.987,83064.70985538384
2025-03-17 02:04:49.745,83208.95029801303
2025-03-17 03:04:59.644,83260.16652548696
2025-03-17 04:04:51.969,83712.82326596747
2025-03-17 05:08:24.494,83431.48057163977
2025-03-17 06:09:52.918,83272.61714728127
2025-03-17 07:07:04.946,83393.68086720291
2025-03-17 08:04:55.798,83528.44238695232
2025-03-17 09:09:01.238,83476.89973804823
2025-03-17 10:05:23.532,83625.88247117506
2025-03-17 11:09:49.971,83284.93030929644
2025-03-17 12:09:48.018,83333.77147533474
2025-03-17 13:04:49.787,83054.86326244925
2025-03-17 14:04:53.348,82932.58142558922
2025-03-17 15:04:32.566,82888.72671035347
2025-03-17 16:09:48.870,83583.93818642639
2025-03-17 17:04:59.198,83415.90071838192
2025-03-17 18:00:56.990,84228.23544937836
2025-03-17 19:09:47.967,84448.92794202417
2025-03-17 20:05:38.530,84430.83006819447
2025-03-17 21:09:55.756,83977.89583491963
2025-03-17 22:04:51.757,84088.43956648538
2025-03-17 23:09:50.509,83980.78904995437
2025-03-18 00:09:50.724,83920.30721263391
2025-03-18 01:10:18.377,83877.42295483136
2025-03-18 02:04:56.090,83130.45397201553
2025-03-18 03:04:53.586,83351.13970133282
2025-03-18 04:04:43.054,83100.42286596482
2025-03-18 05:05:26.572,82998.59763474177
2025-03-18 06:05:34.401,82988.83415321489
2025-03-18 07:04:56.844,82428.06846517629
2025-03-18 08:09:51.650,83261.71116076875
2025-03-18 09:09:55.433,83276.43582703028
2025-03-18 10:08:11.714,82922.10615223943
2025-03-18 11:01:52.388,82787.295493254
2025-03-18 12:00:27.284,82545.12487759089
2025-03-18 13:04:29.694,82384.51632667694
2025-03-18 14:00:58.454,81259.85862657995
2025-03-18 15:09:29.308,81632.93965990763
2025-03-18 16:03:57.520,81559.34875411353
2025-03-18 17:09:57.799,81873.62930637106
2025-03-18 18:09:33.732,81380.28829871821
2025-03-18 19:06:12.655,81839.8881631514
2025-03-18 20:04:44.736,82201.79412495729
2025-03-18 21:09:49.790,82051.95957857351
2025-03-18 22:04:54.632,82001.52920368989
2025-03-18 23:09:43.793,82500.92476738001
2025-03-19 00:04:44.135,82780.03048688271
2025-03-19 01:04:53.381,83100.88640848425
2025-03-19 02:04:43.475,82703.69232896074
2025-03-19 03:09:47.349,82938.50804446227
2025-03-19 04:06:29.964,83058.47252533144
2025-03-19 05:08:41.242,82996.62990102176
2025-03-19 06:09:42.092,83177.70738079348
2025-03-19 07:04:37.914,83171.46725678681
2025-03-19 08:04:54.827,83182.95823272505
2025-03-19 09:07:04.438,83388.41592982221
2025-03-19 10:00:39.083,83531.79129549615
2025-03-19 11:05:34.537,83486.04202178019
2025-03-19 12:08:32.064,83776.84720807298
2025-03-19 13:01:52.346,83761.43747882382
2025-03-19 14:04:35.249,84191.81444671717
2025-03-19 15:04:47.607,84218.7779651746
2025-03-19 16:09:55.991,84620.39023500234
2025-03-19 17:04:50.905,84590.9687216577
2025-03-19 18:04:48.509,84258.56237624737
2025-03-19 19:04:45.580,85888.99366381548
2025-03-19 20:04:50.222,85452.54273371371
2025-03-19 21:04:33.933,85343.76599188604
2025-03-19 22:04:49.130,85629.40668023448
2025-03-19 23:04:53.861,86185.41143785912
2025-03-20 00:04:56.352,86815.44109470697
2025-03-20 01:05:33.760,86023.02793690139
2025-03-20 02:04:23.058,85865.46977691361
2025-03-20 03:01:13.197,86081.32251805106
2025-03-20 04:06:20.572,85924.85863959961
2025-03-20 05:16:13.222,85636.4698965906
2025-03-20 06:23:30.852,85894.57540910708
2025-03-20 07:04:43.368,85779.65947424584
2025-03-20 08:04:40.385,85846.60645541982
2025-03-20 09:09:21.861,86229.67963508387
2025-03-20 10:04:56.892,85882.7039898859
2025-03-20 11:09:45.527,85222.63297451382
2025-03-20 12:09:30.931,85380.33161914661
2025-03-20 13:04:48.987,85310.96814284839
2025-03-20 14:04:38.923,85504.94400788672
2025-03-20 15:07:38.884,85405.15657351525
2025-03-20 16:04:51.036,84683.88848622817
2025-03-20 17:02:37.273,83735.87324881191
2025-03-20 18:04:32.534,84006.03482067536
2025-03-20 19:05:28.951,84040.25543267331
2025-03-20 20:01:53.316,84134.39141427614
2025-03-20 21:07:32.669,84531.19085429756
2025-03-20 22:04:48.566,84309.65715170768
2025-03-20 23:04:57.112,84087.18295443771
2025-03-21 00:07:16.021,84326.23460828917
2025-03-21 01:04:55.872,84473.8179802995
2025-03-21 02:04:51.821,84743.39249862774
2025-03-21 03:04:06.012,84634.46695960859
2025-03-21 04:04:55.452,84474.66633967978
2025-03-21 05:03:49.726,84630.85046766164
2025-03-21 06:04:41.835,84437.76675727686
2025-03-21 07:06:31.572,84179.23584511163
2025-03-21 08:02:16.823,83881.93676879247
2025-03-21 09:04:56.072,83989.60535436933
2025-03-21 10:01:33.900,84094.71763124721
2025-03-21 11:01:11.378,84153.42484945175
2025-03-21 12:09:27.011,84090.37418372162
2025-03-21 13:09:28.668,83378.30606761425
2025-03-21 14:04:33.272,83962.6562833777
2025-03-21 15:09:49.697,84086.27070181312
2025-03-21 16:09:48.273,83441.73355131772
2025-03-21 17:04:59.819,84061.42075215005
2025-03-21 18:04:40.575,83979.4455154189
2025-03-21 19:09:35.355,83969.07347934862
2025-03-21 20:04:40.747,83956.06190164157
2025-03-21 21:04:52.393,84195.35014198667
2025-03-21 22:04:50.392,84331.08912652876
2025-03-21 23:01:17.806,84143.3705534662
2025-03-22 00:05:00.207,84009.532917822
2025-03-22 01:05:11.252,84167.8697252113
2025-03-22 02:06:50.265,84014.19303884667
2025-03-22 03:04:57.034,84158.98941802121
2025-03-22 04:04:53.997,84228.4931007714
2025-03-22 05:04:41.205,84349.53250237869
2025-03-22 06:02:46.938,84267.59944731584
2025-03-22 07:04:49.989,84314.71637816796
2025-03-22 08:07:33.014,84238.86837592987
2025-03-22 09:01:31.570,84203.20734855889
2025-03-22 10:03:54.953,84346.3661567513
2025-03-22 11:04:43.065,84392.82009721096
2025-03-22 12:04:10.151,84208.98723312806
2025-03-22 13:04:55.227,84212.39615152313
2025-03-22 14:05:27.025,84148.9958208313
2025-03-22 15:00:52.609,84003.42768297587
2025-03-22 16:00:40.710,84106.99527875872
2025-03-22 17:07:48.007,84112.46732431548
2025-03-22 18:00:32.867,84228.27462397689
2025-03-22 19:05:13.389,84228.95217301375
2025-03-22 20:04:50.124,84164.286334733
2025-03-22 21:04:56.272,83914.13490809177
2025-03-22 22:04:57.312,83994.80525653713
2025-03-22 23:04:56.175,83948.80437413476
2025-03-23 00:04:56.860,83823.01245126098
2025-03-23 01:01:44.609,83994.73650641015
2025-03-23 02:04:45.378,84054.10410734905
2025-03-23 03:01:53.072,84220.40851733647
2025-03-23 04:04:47.779,84199.37799419848
2025-03-23 05:09:34.802,84125.97474677162
2025-03-23 06:04:57.079,84204.78308895703
2025-03-23 07:04:49.362,84255.48012582533
2025-03-23 08:09:35.553,84281.47572220222
2025-03-23 09:04:54.939,84338.92959046464
2025-03-23 10:09:43.596,84308.26196392841
2025-03-23 11:04:47.110,84445.14986317117
2025-03-23 12:02:29.342,84658.59701739515
2025-03-23 13:04:50.300,84705.0272672479
2025-03-23 14:04:50.859,85060.61255461848
2025-03-23 15:08:33.578,84946.52220438045
2025-03-23 16:14:30.962,85149.72744367947
2025-03-23 17:09:42.266,85371.1391031313
2025-03-23 18:09:45.764,84954.75634459515
2025-03-23 19:07:02.661,84930.81430153771
2025-03-23 20:01:38.964,85011.00877668706
2025-03-23 21:06:25.198,85050.65759373661
2025-03-23 22:04:46.735,85194.14813792474
2025-03-23 23:05:28.734,85396.29041826307
2025-03-24 00:04:50.591,86114.33370456511
2025-03-24 01:06:43.288,85858.27751657135
2025-03-24 02:06:00.414,85560.23956148796
2025-03-24 03:04:43.755,85883.039117483
2025-03-24 04:04:55.539,86587.00817085963
2025-03-24 05:04:49.483,86894.07650042877
2025-03-24 06:06:00.777,86946.04244661995
2025-03-24 07:03:09.256,87126.56799401094
2025-03-24 08:09:30.685,87083.94017266696
2025-03-24 09:04:25.158,87419.9071984332
2025-03-24 10:04:52.924,87172.88980549254
2025-03-24 11:04:57.114,87807.28866290172
2025-03-24 12:05:39.697,87686.17138536507
2025-03-24 13:04:36.379,87346.75998699872
2025-03-24 14:09:42.611,88039.63937738597
2025-03-24 15:04:53.797,87952.73226527461
2025-03-24 16:04:52.429,88339.89035924661
2025-03-24 17:04:33.095,88015.45327020861
2025-03-24 18:04:48.419,88462.86393414128
2025-03-24 19:04:45.767,88474.3135894229
2025-03-24 20:04:58.636,88259.76395777306
2025-03-24 21:04:48.266,87866.17486946298
2025-03-24 22:02:19.480,88188.34015751413
2025-03-24 23:08:01.895,87355.15333559812
2025-03-25 00:05:35.024,87404.87649068212
2025-03-25 01:04:32.481,87622.78459104586
2025-03-25 02:04:34.878,87132.16734771413
2025-03-25 03:04:39.460,86869.50462202856
2025-03-25 04:04:46.977,86427.65033425306
2025-03-25 05:00:27.507,86436.2290521335
2025-03-25 06:04:46.330,86671.25268250058
2025-03-25 07:05:00.079,86618.22840507625
2025-03-25 08:04:48.691,86460.41782128905
2025-03-25 09:04:20.747,86724.36314353025
2025-03-25 10:04:56.752,87273.9836862527
2025-03-25 11:04:14.450,87138.136227693
2025-03-25 12:04:27.476,87413.3113487359
2025-03-25 13:05:12.968,87103.10754688627
2025-03-25 14:00:46.888,87425.59711353843
2025-03-25 15:09:32.314,88106.52827227654
2025-03-25 16:02:51.011,87772.72551391833
2025-03-25 17:04:46.570,87826.12190670078
2025-03-25 18:09:43.094,87974.75685468162
2025-03-25 19:09:34.488,87960.9259253167
2025-03-25 20:04:48.021,88199.60526776778
2025-03-25 21:06:02.933,87936.51137016094
2025-03-25 22:03:50.062,87741.71106058777
2025-03-25 23:06:38.826,87321.36793603227
2025-03-26 00:04:49.354,87424.06865781397
2025-03-26 01:06:11.688,87647.88550868542
2025-03-26 02:04:33.658,87874.30791795647
2025-03-26 03:01:26.021,87371.3491304742
2025-03-26 04:05:49.174,87205.4427253819
2025-03-26 05:04:10.281,87334.3860075193
2025-03-26 06:04:47.764,87538.98447599208
2025-03-26 07:04:40.675,87953.57974749732
2025-03-26 08:04:37.452,88159.21504635461
2025-03-26 09:05:21.981,87983.70142460795
2025-03-26 10:01:25.788,87922.27667040464
2025-03-26 11:04:55.270,88240.46256324385
2025-03-26 12:04:28.151,87998.8047039292
2025-03-26 13:04:48.961,87795.45224485123
2025-03-26 14:03:50.683,87219.71294548987
2025-03-26 15:04:51.003,86823.44172743564
2025-03-26 16:01:11.211,86745.53174766526
2025-03-26 17:04:35.693,86454.04031914235
2025-03-26 18:04:40.575,86566.57610290994
2025-03-26 19:04:53.403,86217.63942503363
2025-03-26 20:04:50.699,86625.17449589507
2025-03-26 21:04:30.530,87199.42852219005
2025-03-26 22:03:01.708,87150.9659589762
2025-03-26 23:08:00.483,86817.98796198177
2025-03-27 00:04:41.339,86913.68578612641
2025-03-27 01:04:39.772,87277.52244284363
2025-03-27 02:09:46.260,87484.22713450069
2025-03-27 03:04:43.770,87636.52233889826
2025-03-27 04:04:46.185,87684.58507410828
2025-03-27 05:04:42.858,87519.00306751425
2025-03-27 06:04:50.281,87309.51046145338
2025-03-27 07:04:20.200,87382.68434468325
2025-03-27 08:04:47.531,87426.40019335548
2025-03-27 09:04:29.709,87468.52663938893
2025-03-27 10:04:51.079,87517.37274800161
2025-03-27 11:04:44.174,87227.42279262032
2025-03-27 12:05:55.794,86886.0329308739
2025-03-27 13:04:47.921,86836.77934030221
2025-03-27 14:04:51.705,86311.36672144024
2025-03-27 15:04:46.582,87284.7757395601
2025-03-27 16:03:56.795,86951.76421649675
2025-03-27 17:03:15.939,86803.87202525735
2025-03-27 18:00:50.262,86901.47646822476
2025-03-27 19:04:43.641,87207.48052895733
2025-03-27 20:04:27.408,87022.23634069061
2025-03-27 21:04:30.356,87311.73452661555
2025-03-27 22:04:54.977,87577.72538017163
2025-03-27 23:04:54.348,87305.46595898429
2025-03-28 00:04:49.111,87212.97468263778
2025-03-28 01:04:56.632,87337.4665470881
2025-03-28 02:02:39.918,87220.58974772833
2025-03-28 03:04:55.663,87003.73711142981
2025-03-28 04:04:54.390,86777.75784016024
2025-03-28 05:00:52.164,86254.14224809303
2025-03-28 06:04:51.898,86031.83128027114
2025-03-28 07:04:48.233,85660.18490491247
2025-03-28 08:14:41.654,85374.42563128132
2025-03-28 09:04:41.052,85205.94321631963
2025-03-28 10:04:33.230,85114.01221695973
2025-03-28 11:06:34.263,84893.79618774568
2025-03-28 12:05:29.268,85167.80064394798
2025-03-28 13:04:45.166,85022.1158107608
2025-03-28 14:04:57.279,84996.80217812448
2025-03-28 15:05:36.116,84315.24214798606
2025-03-28 16:09:38.263,84082.29777900936
2025-03-28 17:04:52.341,83719.60743307101
2025-03-28 18:04:59.369,83952.91072558291
2025-03-28 19:01:45.297,83827.52742896962
2025-03-28 20:04:49.903,83785.9970399872
2025-03-28 21:04:53.861,83762.71757013239
2025-03-28 22:00:33.322,83955.84709919438
2025-03-28 23:09:32.102,84478.16251367884
2025-03-29 00:05:19.465,84359.46915506005
2025-03-29 01:01:35.919,84356.18868046836
2025-03-29 02:04:53.256,84386.77613913322
2025-03-29 03:04:49.563,83837.05251809006
2025-03-29 04:04:58.188,84173.41437233011
2025-03-29 05:04:47.911,84045.10988015977
2025-03-29 06:04:54.229,83947.40619319715
2025-03-29 07:05:51.176,83744.87093314683
2025-03-29 08:01:12.023,83701.85920800563
2025-03-29 09:04:37.758,83894.4274576301
2025-03-29 10:04:48.310,83508.44848841902
2025-03-29 11:04:59.066,82953.25385473119
2025-03-29 12:04:56.240,82237.62203229136
2025-03-29 13:04:42.742,82396.18735905731
2025-03-29 14:00:37.930,82793.81582488914
2025-03-29 15:04:35.989,82471.49051640474
2025-03-29 16:04:11.064,82386.35050942781
2025-03-29 17:04:47.242,82162.685941113
2025-03-29 18:04:42.267,82346.68633969543
2025-03-29 19:07:26.735,82305.29496801457
2025-03-29 20:08:56.150,82502.35566528513
2025-03-29 21:04:20.736,82483.38479164489
2025-03-29 22:07:31.099,82428.14555995223
2025-03-29 23:07:59.216,82311.72140355429
2025-03-30 00:04:55.150,82603.84608714566
2025-03-30 01:04:32.657,82780.67040433415
2025-03-30 02:04:34.358,82930.05815369933
2025-03-30 03:04:38.823,83292.98909963878
2025-03-30 04:04:34.040,83066.49252905766
2025-03-30 05:04:32.991,83096.07674952217
2025-03-30 06:04:35.220,82935.22943299318
2025-03-30 07:00:33.863,83137.68269393778
2025-03-30 08:04:39.130,83053.40070328081
2025-03-30 09:04:46.751,83353.632024973
2025-03-30 10:04:41.408,83440.59474949405
2025-03-30 11:04:41.538,83108.82259101293
2025-03-30 12:04:44.099,83065.56137310392
2025-03-30 13:04:43.810,83038.37790704927
2025-03-30 14:04:38.842,82722.57464096136
2025-03-30 15:03:09.676,82758.56160404938
2025-03-30 16:09:31.105,82681.44287077147
2025-03-30 17:04:47.468,82274.6912690196
2025-03-30 18:09:21.132,82514.66681903032
2025-03-30 19:02:01.782,82727.0691413136
2025-03-30 20:04:00.570,82515.76586162791
2025-03-30 21:04:47.655,82553.26654935416
2025-03-30 22:04:51.424,82190.67408154199
2025-03-30 23:04:48.885,82377.94312671632
2025-03-31 00:04:27.865,82355.18824543593
2025-03-31 01:04:52.376,81615.15679949729
2025-03-31 02:02:38.749,81825.6051256894
2025-03-31 03:02:41.198,81914.94920836002
2025-03-31 04:02:28.843,81496.23755227726
2025-03-31 05:04:52.032,81892.18710736942
2025-03-31 06:04:26.265,82121.83919121162
2025-03-31 07:01:51.998,81981.93953358226
2025-03-31 08:03:30.691,81884.11109014327
2025-03-31 09:04:49.639,81882.34625826216
2025-03-31 10:04:21.646,81488.96451396754
2025-03-31 11:04:52.578,82184.6497493072
2025-03-31 12:04:26.791,82227.54336233468
2025-03-31 13:05:43.149,82741.55197322981
2025-03-31 14:03:49.665,82553.4254041944
2025-03-31 15:00:53.808,83500.4896400052
2025-03-31 16:04:47.899,83447.38626910759
2025-03-31 17:04:30.513,83277.76436696327
2025-03-31 18:00:49.523,82643.59909200664
2025-03-31 19:09:37.958,83299.9810590052
2025-03-31 20:04:45.238,82348.25633896062
2025-03-31 21:04:40.879,82394.12780936091
2025-03-31 22:04:28.037,82542.85168725922
2025-03-31 23:04:46.187,82372.42496571247
2025-04-01 00:02:14.101,82553.23623643283
2025-04-01 01:04:52.542,82632.17739877684
2025-04-01 02:04:44.960,82687.62921124356
2025-04-01 03:04:44.186,83099.7132171393
2025-04-01 04:04:36.544,82938.776894528
2025-04-01 05:04:34.613,83037.21355746588
2025-04-01 06:04:46.868,82965.36899692599
2025-04-01 07:04:35.765,83434.03386130522
2025-04-01 08:04:53.710,83460.19817794718
2025-04-01 09:09:44.944,84301.95269620928
2025-04-01 10:04:44.581,84370.26093529824
2025-04-01 11:04:49.221,84194.93109759485
2025-04-01 12:01:34.929,83889.52404655488
2025-04-01 13:09:32.720,83589.39097506716
2025-04-01 14:04:39.019,83619.87350890883
2025-04-01 15:06:18.541,84281.84680860782
2025-04-01 16:04:48.622,85311.29137218822
2025-04-01 17:04:45.615,85089.10675897203
2025-04-01 18:04:56.957,85253.00123334384
2025-04-01 19:04:40.475,85133.05972535553
2025-04-01 20:05:45.976,84929.06237244017
2025-04-01 21:04:51.962,85245.22438987631
2025-04-01 22:04:42.548,85244.43181925929
2025-04-01 23:04:52.481,85073.12003223266
2025-04-02 00:04:51.597,85151.38359873935
2025-04-02 01:04:54.025,84981.39412820044
2025-04-02 02:04:56.429,85152.65632409418
2025-04-02 03:04:59.886,84728.41789937182
2025-04-02 04:09:44.525,84650.3303317548
2025-04-02 05:04:41.614,84580.70592294853
2025-04-02 06:04:49.985,84083.22112364328
2025-04-02 07:04:49.860,84126.51474147492
2025-04-02 08:04:34.459,84416.00027025993
2025-04-02 09:04:43.251,84665.33194165595
2025-04-02 10:04:51.032,85021.65957232645
2025-04-02 11:00:28.903,84844.77000604966
2025-04-02 12:09:32.518,84597.15150833085
2025-04-02 13:09:30.048,84938.61029698861
2025-04-02 14:04:58.557,85461.5657413444
2025-04-02 15:07:35.023,86036.13444049208
2025-04-02 16:09:25.304,86617.24415685238
2025-04-02 17:04:57.119,87106.00781966242
2025-04-02 18:03:23.992,86612.92096605808
2025-04-02 19:04:56.151,86317.97978903714
2025-04-02 20:04:30.944,86412.29967901438
2025-04-02 21:02:08.126,85654.66996320832
2025-04-02 22:04:58.273,84604.64636587836
2025-04-02 23:05:43.323,82670.64635520295
2025-04-03 00:00:33.025,82526.4221526433
2025-04-03 01:04:57.817,83067.24275015933
2025-04-03 02:04:49.283,83776.68744254543
2025-04-03 03:03:06.659,83783.75496624704
2025-04-03 04:04:32.946,83487.8420491959
2025-04-03 05:04:24.002,83564.27184811681
2025-04-03 06:04:54.873,83409.39729897068
2025-04-03 07:04:36.116,83003.67579388311
2025-04-03 08:03:27.563,83494.99176119595
2025-04-03 09:04:53.534,83710.89586871512
2025-04-03 10:02:13.103,83575.16343053042
2025-04-03 11:04:34.260,83230.13519692069
2025-04-03 12:04:25.956,83050.51017309572
2025-04-03 13:07:16.129,81957.14755593218
2025-04-03 14:09:22.246,81974.59932693769
2025-04-03 15:07:10.424,81476.42191638195
2025-04-03 16:09:41.555,82305.22481184445
2025-04-03 17:04:45.474,81831.40669422467
2025-04-03 18:04:56.196,81883.96787174862
2025-04-03 19:04:23.432,82023.69651873449
2025-04-03 20:04:39.573,82010.58295485632
2025-04-03 21:04:54.534,82337.19466168135
2025-04-03 22:04:26.624,82763.14038772575
2025-04-03 23:04:50.984,82654.29602655036
2025-04-04 00:05:40.782,83208.52796536
2025-04-04 01:04:43.728,83029.72559074209
2025-04-04 02:04:47.660,82676.67638736672
2025-04-04 03:04:33.317,82870.73001816859
2025-04-04 04:04:43.226,82793.26810143121
2025-04-04 05:04:52.661,82709.74394735025
2025-04-04 06:08:04.340,83155.70194321594
2025-04-04 07:04:33.552,83064.77766424145
2025-04-04 08:04:50.551,84003.03159736587
2025-04-04 09:04:49.047,84375.94429798229
2025-04-04 10:04:35.357,84613.64673947358
2025-04-04 11:04:36.527,82548.3231829159
2025-04-04 12:02:51.787,82701.99933626983
2025-04-04 13:02:03.133,82809.93939073119
2025-04-04 14:09:32.286,83238.43488678202
2025-04-04 15:09:36.258,83111.34435575195
2025-04-04 16:05:00.114,82881.13400156828
2025-04-04 17:04:54.284,83345.06970919853
2025-04-04 18:03:53.933,84430.20296834389
2025-04-04 19:04:58.705,83881.50017713505
2025-04-04 20:04:40.257,84003.03688086948
2025-04-04 21:07:01.180,83997.83057459719
2025-04-04 22:04:52.147,84162.25073278768
2025-04-04 23:04:43.435,84032.71900547225
2025-04-05 00:06:50.663,83733.5293123474
2025-04-05 01:04:30.834,83784.56595678756
2025-04-05 02:04:50.860,83958.723779881
2025-04-05 03:04:35.072,83944.75551931879
2025-04-05 04:07:37.484,83616.73180229477
2025-04-05 05:04:42.964,83658.77387416866
2025-04-05 06:04:43.450,83674.19259061506
2025-04-05 07:04:46.421,83455.56861802349
2025-04-05 08:04:41.783,83491.71149443637
2025-04-05 09:04:49.330,83508.26233301332
2025-04-05 10:04:55.829,83853.69411353327
2025-04-05 11:09:36.812,83642.02603878912
2025-04-05 12:09:25.025,83422.40556286192
2025-04-05 13:02:26.968,83241.35572383246
2025-04-05 14:04:54.912,82718.10761381598
2025-04-05 15:04:41.892,82907.99227530952
2025-04-05 16:04:48.270,82623.6290432163
2025-04-05 17:02:29.563,82734.08954677006
2025-04-05 18:04:45.253,82819.72161473092
2025-04-05 19:02:14.339,83065.2030025991
2025-04-05 20:04:46.036,82842.65807273751
2025-04-05 21:04:56.430,83048.82025070609
2025-04-05 22:04:59.759,82909.58127927136
2025-04-05 23:04:48.207,83167.51792928776
2025-04-06 00:04:52.197,83514.33824375339
2025-04-06 01:04:52.044,83478.3555807481
2025-04-06 02:00:54.662,83397.09190766429
2025-04-06 03:04:43.792,83276.1107612312
2025-04-06 04:04:48.480,83315.28334221698
2025-04-06 05:04:45.972,83466.04551371699
2025-04-06 06:04:53.790,83417.47028660915
2025-04-06 07:04:52.241,83089.49111405638
2025-04-06 08:02:20.660,82975.83411105986
2025-04-06 09:04:53.547,83007.51033558365
2025-04-06 10:04:52.140,83027.183569238
2025-04-06 11:01:41.891,82814.296001643
2025-04-06 12:03:54.727,82806.57594457337
2025-04-06 13:04:42.431,82640.53404661184
2025-04-06 14:04:54.271,82259.21568163771
2025-04-06 15:04:39.677,82583.11633305943
2025-04-06 16:05:36.876,82409.48424398851
2025-04-06 17:03:35.595,81902.07701788642
2025-04-06 18:09:47.199,80308.20456629425
2025-04-06 19:09:38.060,78970.01327663523
2025-04-06 20:09:29.486,79727.02415711907
2025-04-06 21:04:43.760,78831.61045651248
2025-04-06 22:04:34.872,78898.16417534047
2025-04-06 23:09:37.698,77918.79195001676
2025-04-07 00:04:25.632,78366.83212378949
2025-04-07 01:09:36.560,78387.6912670073
2025-04-07 02:43:31.760,78393.60272692906
2025-04-07 03:27:53.990,78102.0875366474
2025-04-07 04:00:32.190,77583.13554332654
2025-04-07 05:07:04.098,76710.56508400357
2025-04-07 06:04:01.885,76867.82910572468
2025-04-07 07:04:51.241,74773.2587934775
2025-04-07 08:04:57.434,75161.94887573915
2025-04-07 09:04:54.764,76178.35448995476
2025-04-07 10:01:14.412,76233.23187588078
2025-04-07 11:04:03.946,76919.88747388404
2025-04-07 12:04:51.597,76790.25609208614
2025-04-07 13:04:57.142,77203.88350041474
2025-04-07 14:02:14.119,78421.18308496752
2025-04-07 15:06:30.802,79250.75260353838
2025-04-07 16:04:41.116,78444.4226404733
2025-04-07 17:04:48.804,77421.74966092409
2025-04-07 18:04:51.047,79063.49516004637
2025-04-07 19:04:58.978,78467.73933090719
2025-04-07 20:04:38.720,78046.94250227706
2025-04-07 21:01:51.833,78824.84561495368
2025-04-07 22:04:41.932,79172.2817090801
2025-04-07 23:04:50.992,79898.18473633853
2025-04-08 00:25:35.422,79462.14204389678
2025-04-08 01:04:42.940,78928.09866658547
2025-04-08 02:04:33.216,80678.70925924664
2025-04-08 03:06:03.716,79900.64902994683
2025-04-08 04:04:58.540,79875.47993646495
2025-04-08 05:09:37.246,80007.32341078427
2025-04-08 06:04:47.463,79799.90914623915
2025-04-08 07:05:32.514,79411.29383844102
2025-04-08 08:04:59.881,79446.76021326096
2025-04-08 09:07:43.185,79090.38478456163
2025-04-08 10:05:19.110,78932.56330430893
2025-04-08 11:03:54.774,78970.69563692114
2025-04-08 12:09:47.980,79860.58407289122
2025-04-08 13:05:56.148,79830.81203946835
2025-04-08 14:04:52.051,79839.36409691784
2025-04-08 15:04:43.127,78772.54353637139
2025-04-08 16:09:32.391,78407.02418753588
2025-04-08 17:07:11.033,77348.32262284741
2025-04-08 18:09:49.532,77268.01412263024
2025-04-08 19:09:43.743,77152.06625886497
2025-04-08 20:04:48.179,76748.49569818853
2025-04-08 21:04:53.120,76989.32782724098
2025-04-08 22:01:03.759,77011.48228778424
2025-04-08 23:01:32.604,76617.7575009251
2025-04-09 00:05:21.509,76300.77843824399
2025-04-09 01:01:07.034,76436.39359258307
2025-04-09 02:04:58.560,76006.86998159163
2025-04-09 03:09:33.036,75658.78700635744
2025-04-09 04:04:51.829,75101.3997278555
2025-04-09 05:04:51.344,76346.08636985684
2025-04-09 06:04:49.838,76610.86422122183
2025-04-09 07:00:45.626,76915.69399121219
2025-04-09 08:05:21.722,77711.09591952938
2025-04-09 09:04:46.936,77268.17847587695
2025-04-09 10:33:46.596,77316.05556408654
2025-04-09 11:04:44.447,77214.3488944691
2025-04-09 12:04:44.301,76129.73403043275
2025-04-09 13:04:41.476,76829.34847591358
2025-04-09 14:09:36.107,77860.31844171116
2025-04-09 15:04:59.204,77023.89133348042
2025-04-09 16:04:53.788,77141.99408276133
2025-04-09 17:05:55.304,78095.08055640166
2025-04-09 18:04:38.303,81841.29813646984
2025-04-09 19:04:51.159,81938.0185184143
2025-04-09 20:00:17.560,82328.13489688843
2025-04-09 21:05:41.946,83004.7027605787
2025-04-09 22:04:42.421,83315.43959137528
2025-04-09 23:04:59.794,83058.34775924393
2025-04-10 00:04:50.148,82595.42668033838
2025-04-10 01:04:28.190,82182.12470713933
2025-04-10 02:09:17.592,82285.79183047339
2025-04-10 03:06:01.380,82121.20904532197
2025-04-10 04:44:15.952,81720.2016936257
2025-04-10 05:49:12.494,82128.18344703503
2025-04-10 06:19:44.095,82189.87168997104
2025-04-10 08:30:56.064,81696.40122795808
2025-04-10 08:47:37.956,81618.62070888275
2025-04-10 09:01:00.271,81532.13745973041
2025-04-10 10:57:30.741,81656.71640958315
2025-04-10 11:26:28.733,81549.5629152091
2025-04-10 12:07:59.873,81773.4962941072
2025-04-10 13:04:57.964,81658.41593509233
2025-04-10 14:04:33.966,81024.51565768477
2025-04-10 15:04:57.212,81329.67668040557
2025-04-10 16:05:00.136,78835.58867030361
2025-04-10 17:06:06.973,79368.23940861579
2025-04-10 18:08:31.092,79297.99031979717
2025-04-10 19:05:30.902,79529.67606306932
2025-04-10 20:09:28.195,79724.89465979146
2025-04-10 21:08:37.278,79878.62357184727
2025-04-10 22:05:26.534,79709.36877328751
2025-04-10 23:04:40.889,79715.508089801
2025-04-11 00:04:58.587,79556.41318002685
2025-04-11 01:07:39.334,79086.09032816654
2025-04-11 02:04:58.214,80069.49594573223
2025-04-11 03:04:42.488,80322.94507383362
2025-04-11 04:04:42.416,80758.214835068
2025-04-11 05:04:43.780,80822.59872142244
2025-04-11 06:00:59.145,80747.36408765496
2025-04-11 07:04:38.895,81065.03226648102
2025-04-11 08:04:56.499,81251.15450032747
2025-04-11 09:04:29.374,81531.54534166763
2025-04-11 10:04:55.196,82296.44406983381
2025-04-11 11:04:57.441,82622.7737499299
2025-04-11 12:04:48.038,82096.00775002626
2025-04-11 13:02:57.840,82039.16991257631
2025-04-11 14:04:51.767,82687.66283280615
2025-04-11 15:04:50.011,81969.68431773817
2025-04-11 16:06:57.101,82480.3838471879
2025-04-11 17:04:59.237,82782.29915850204
2025-04-11 18:04:08.640,83874.22618739116
2025-04-11 19:04:37.606,83625.9499325832
2025-04-11 20:04:51.501,83820.09298809218
2025-04-11 21:04:56.671,83849.48096887217
2025-04-11 22:02:50.679,83687.0262905728
2025-04-11 23:02:04.630,83403.67277102497
2025-04-12 00:04:54.651,83437.92254404748
2025-04-12 01:04:53.658,83339.31246065375
2025-04-12 02:02:29.713,83170.65968986193
2025-04-12 03:09:03.694,82861.85819962031
2025-04-12 04:04:58.092,82961.51750754256
2025-04-12 05:04:49.346,83199.96650893788
2025-04-12 06:03:58.541,83303.79275397805
2025-04-12 07:04:51.887,83549.9107448874
2025-04-12 08:04:44.290,83704.62816108475
2025-04-12 09:09:09.084,83666.1312703991
2025-04-12 10:04:51.899,83500.54104423865
2025-04-12 11:09:34.402,83447.195072062
2025-04-12 12:08:15.164,83502.21970476018
2025-04-12 13:02:26.489,83737.13579117409
2025-04-12 14:08:09.344,84428.14749494086
2025-04-12 15:04:04.998,84884.66465071926
2025-04-12 16:01:23.512,85008.74302161673
2025-04-12 17:08:42.553,84687.53545478488
2025-04-12 18:04:51.875,84749.20272127507
2025-04-12 19:04:58.709,85106.24814466636
2025-04-12 20:05:42.931,84904.11727218305
2025-04-12 21:04:59.076,85528.04428969568
2025-04-12 22:04:56.253,85384.6852677325
2025-04-12 23:01:23.055,85369.94860925588
2025-04-13 00:04:57.196,85296.72976736756
2025-04-13 01:04:38.189,85464.59019442675
2025-04-13 02:04:44.176,85337.18790410843
2025-04-13 03:03:29.974,85232.85128493622
2025-04-13 04:04:44.025,85422.0967425296
2025-04-13 05:04:44.265,84667.07071059634
2025-04-13 06:04:29.714,84515.92251627243
2025-04-13 07:04:52.815,84710.09360463546
2025-04-13 08:04:57.053,84457.0360990321
2025-04-13 09:04:49.008,84585.13863461434
2025-04-13 10:04:51.436,84881.3367521123
2025-04-13 11:04:58.068,84668.81761593616
2025-04-13 12:04:52.052,84446.94289624105
2025-04-13 13:06:45.645,84436.51740072019
2025-04-13 14:04:53.012,83648.98919141645
2025-04-13 15:04:37.889,84031.22500638437
2025-04-13 16:08:50.699,83980.12231485195
2025-04-13 17:04:42.972,84210.62712650532
2025-04-13 18:04:50.275,84771.87106577087
2025-04-13 19:04:52.667,84731.50450347898
2025-04-13 20:08:15.724,84017.0882151789
2025-04-13 21:04:38.302,83438.00410089483
2025-04-13 22:04:40.265,83574.27265943393
2025-04-13 23:04:57.456,83330.90244768845
2025-04-14 00:04:41.854,83637.28172222206
2025-04-14 01:05:22.825,84420.85655994239
2025-04-14 02:04:49.454,84188.62885806532
2025-04-14 03:04:38.071,85142.12257679901
2025-04-14 04:04:32.362,84520.33459198069
2025-04-14 05:04:31.796,84908.86594967128
2025-04-14 06:09:31.682,84464.7604669509
2025-04-14 07:04:41.459,84551.38712005342
2025-04-14 08:04:30.453,84555.6272692444
2025-04-14 09:04:32.487,84723.07963389653
2025-04-14 10:04:27.572,84428.69559111315
2025-04-14 11:06:33.757,84626.70459097729
2025-04-14 12:07:53.170,84887.52973148914
2025-04-14 13:04:51.736,85104.2026773784
2025-04-14 14:04:54.942,84446.0708102059
2025-04-14 15:02:20.879,85667.64514540603
2025-04-14 16:06:17.528,84158.074707306
2025-04-14 17:00:49.882,84437.69989177307
2025-04-14 18:04:56.944,84802.421103376
2025-04-14 19:02:22.638,84947.04782692718
2025-04-14 20:01:01.748,84916.65944245027
2025-04-14 21:04:56.391,84872.47644905868
2025-04-14 22:01:39.241,84678.29714727977
2025-04-14 23:04:44.792,84516.57227578854
2025-04-15 00:04:53.349,84590.22055897689
2025-04-15 01:04:56.920,84805.40623454058
2025-04-15 02:04:59.782,84973.75743867172
2025-04-15 03:00:02.574,84909.8088011936
2025-04-15 04:00:35.753,85264.26252155572
2025-04-15 05:09:19.420,85540.8011230295
2025-04-15 06:03:03.179,85650.19655642175
2025-04-15 07:08:57.818,85470.69141248541
2025-04-15 08:11:03.987,85718.22005374837
2025-04-15 09:01:32.707,85822.84294330432
2025-04-15 10:01:20.979,85917.26834462702
2025-04-15 11:04:57.184,85620.89303105656
2025-04-15 12:04:49.151,85568.11153809096
2025-04-15 13:04:40.862,85750.21230099528
2025-04-15 14:05:22.214,85643.31333199244
2025-04-15 15:04:45.603,85196.52851347838
2025-04-15 16:04:46.254,84872.39518339455
2025-04-15 17:04:31.616,84883.0020095308
2025-04-15 18:04:46.647,84514.06417495162
2025-04-15 19:07:51.019,84190.93368373165
2025-04-15 20:04:53.664,84067.51559465779
2025-04-15 21:04:49.187,83969.38654754977
2025-04-15 22:04:53.611,84088.84019229886
2025-04-15 23:04:53.080,83820.92705842877
2025-04-16 00:04:51.853,83641.90418930881
2025-04-16 01:04:50.547,83276.55042310501
2025-04-16 02:04:50.694,83588.3328373832
2025-04-16 03:04:54.175,83852.32880812319
2025-04-16 04:04:32.471,83691.3161157112
2025-04-16 05:07:55.560,83630.30378934758
2025-04-16 06:07:37.368,83362.81469972755
2025-04-16 07:04:40.714,83671.63968678997
2025-04-16 08:09:22.659,83268.76104504136
2025-04-16 09:07:08.037,83791.12089609494
2025-04-16 10:00:24.816,83684.21939217026
2025-04-16 11:04:59.970,83940.193092368
2025-04-16 12:05:38.435,84031.00362096768
2025-04-16 13:04:48.792,83773.76770684845
2025-04-16 14:59:10.696,84632.62914216601
2025-04-16 15:00:13.625,84632.62914216601
2025-04-16 16:04:30.133,84881.20601105259
2025-04-16 17:14:47.218,85164.83798446032
2025-04-16 18:02:51.869,83592.78870942906
2025-04-16 19:06:03.213,83927.46698655207
2025-04-16 20:01:43.080,84335.5094604819
2025-04-16 21:04:31.619,84407.0868388753
2025-04-16 22:04:35.151,84585.68630940643
2025-04-16 23:04:52.293,84463.89043079078
2025-04-17 00:05:26.229,84058.84766997752
2025-04-17 01:04:51.351,84169.25906554099
2025-04-17 02:04:56.846,84289.10887462631
2025-04-17 03:04:40.360,84233.9540809772
2025-04-17 04:00:40.869,83998.8765062859
2025-04-17 05:05:40.929,84114.96421410139
2025-04-17 06:03:39.373,84424.6075788509
2025-04-17 07:04:57.904,84780.57098208612
2025-04-17 08:04:40.116,84657.33004725928
2025-04-17 09:00:54.998,84470.83930024544
2025-04-17 10:03:03.153,84444.83113819316
2025-04-17 11:04:41.285,84338.83914942484
2025-04-17 12:07:07.341,84671.31259746742
2025-04-17 13:04:42.015,84752.81095552155
2025-04-17 14:04:33.231,84551.43324382056
2025-04-17 15:04:53.536,84116.88582337098
2025-04-17 16:03:54.434,84521.25838113441
2025-04-17 17:01:35.119,84896.92624338971
2025-04-17 18:06:44.836,85130.287718885
2025-04-17 19:04:57.605,85099.49107256206
2025-04-17 20:06:36.814,84850.50910583472
2025-04-17 21:04:57.436,85111.67393566275
2025-04-17 22:04:56.201,85056.76185615391
2025-04-17 23:02:19.439,84837.31546385802
2025-04-18 00:07:17.344,84946.9167296784
2025-04-18 01:04:53.827,84812.66058743586
2025-04-18 02:05:02.404,84932.22254470258
2025-04-18 03:09:09.142,84877.16175933217
2025-04-18 04:04:45.550,84819.48188695368
2025-04-18 05:04:45.687,84693.92576511695
2025-04-18 06:04:56.822,84680.34688547385
2025-04-18 07:09:09.932,84719.19044705047
2025-04-18 08:04:34.493,84641.30564762019
2025-04-18 09:06:39.364,84627.54918136004
2025-04-18 10:04:50.059,84546.0386285242
2025-04-18 11:09:30.139,84498.7745773988
2025-04-18 12:04:45.084,84593.66315889767
2025-04-18 13:07:32.287,84618.69491163455
2025-04-18 14:04:59.488,84543.30063719767
2025-04-18 15:03:49.491,84541.69566568747
2025-04-18 16:06:10.557,84382.34027186113
2025-04-18 17:07:26.835,84455.82994619277
2025-04-18 18:04:51.703,84543.02354629472
2025-04-18 19:03:48.592,84599.59333023877
2025-04-18 20:07:34.135,84535.96965601825
2025-04-18 21:04:55.138,84495.66839467015
2025-04-18 22:04:56.604,84589.93551188768
2025-04-18 23:04:09.563,84507.5553544359
2025-04-19 00:04:50.927,84447.77718147618
2025-04-19 01:04:52.944,84430.13416891031
2025-04-19 02:04:53.988,84537.56876723397
2025-04-19 03:04:39.291,84750.96113857607
2025-04-19 04:04:54.282,84873.33303095314
2025-04-19 05:04:56.887,85039.73101895596
2025-04-19 06:06:55.197,85065.22675131068
2025-04-19 07:09:28.012,84928.93649119227
2025-04-19 08:04:38.713,85188.51899516837
2025-04-19 09:04:47.420,85315.77967080926
2025-04-19 10:04:57.504,85348.12052038811
2025-04-19 11:04:51.582,85222.96773135632
2025-04-19 12:04:38.460,85196.3572478893
2025-04-19 13:00:52.596,85277.07094440877
2025-04-19 14:04:39.991,85450.83762577904
2025-04-19 15:09:26.840,85405.39779525725
2025-04-19 16:04:54.075,85216.9255110766
2025-04-19 17:04:48.535,84884.07476220753
2025-04-19 18:04:47.543,85152.68414164294
2025-04-19 19:04:57.549,85145.76108784041
2025-04-19 20:01:54.415,85081.67948116116
2025-04-19 21:04:53.819,85202.13526291905
2025-04-19 22:04:51.622,85317.39798374778
2025-04-19 23:04:56.247,85246.71284128349
2025-04-20 00:04:53.780,85089.15978095334
2025-04-20 01:04:39.515,85136.60177429907
2025-04-20 02:04:32.423,85279.66518510957
2025-04-20 03:04:45.251,85234.9939190133
2025-04-20 04:04:13.788,85143.828498931
2025-04-20 05:01:40.936,85195.6725951446
2025-04-20 06:01:18.578,85100.82279248716
2025-04-20 07:04:37.355,84950.9007313259
2025-04-20 08:04:51.704,84777.37613360975
2025-04-20 09:04:14.804,84631.43686608228
2025-04-20 10:04:43.986,84530.86583852716
2025-04-20 11:04:51.487,84160.54490886752
2025-04-20 12:04:46.210,84093.83367559967
2025-04-20 13:04:47.251,84347.36438378347
2025-04-20 14:04:30.800,84327.78944172559
2025-04-20 15:04:40.110,84612.56642329428
2025-04-20 16:04:44.724,84357.12486748009
2025-04-20 17:04:34.686,84598.16864692859
2025-04-20 18:04:48.198,84563.85942887008
2025-04-20 19:04:44.699,84561.23870595935
2025-04-20 20:04:45.731,84633.09631104583
2025-04-20 21:04:41.938,85074.9301477244
2025-04-20 22:04:19.496,85006.65839359477
2025-04-20 23:04:46.701,84832.44738276633
2025-04-21 00:04:43.007,85140.01930346077
2025-04-21 01:04:51.516,86714.02766242875
2025-04-21 02:04:54.376,87278.3464593321
2025-04-21 03:00:49.371,87325.35908063866
2025-04-21 04:04:42.687,87228.60184957321
2025-04-21 05:03:43.715,87323.94026251098
2025-04-21 06:01:03.805,87542.22595116406
2025-04-21 07:03:21.837,87506.67640355151
2025-04-21 08:04:39.700,87446.14418253464
2025-04-21 09:09:32.608,87636.20600701202
2025-04-21 10:04:26.878,87491.96387120764
2025-04-21 11:04:03.285,87345.61297579524
2025-04-21 12:03:35.731,86951.23393622616
2025-04-21 13:09:29.945,87029.4162966705
2025-04-21 14:04:28.438,87170.64212179757
2025-04-21 15:04:55.430,88183.22734480911
2025-04-21 16:04:54.922,88053.972667927
2025-04-21 17:04:45.909,87263.62426688836
2025-04-21 18:01:23.676,86906.81060010106
2025-04-21 19:09:38.984,86872.88362183892
2025-04-21 20:09:30.503,87267.08133220796
2025-04-21 21:04:42.002,87240.99623910723
2025-04-21 22:09:27.086,87133.19844863031
2025-04-21 23:03:19.294,87118.9841439109
2025-04-22 00:09:28.505,87530.85023993472
2025-04-22 01:05:04.323,87561.47787989446
2025-04-22 02:01:12.250,88427.93464457903
2025-04-22 03:04:35.682,88134.56104399524
2025-04-22 04:09:24.542,88206.8971608964
2025-04-22 05:04:50.874,88097.16160628853
2025-04-22 06:00:15.774,88353.8950523597
2025-04-22 07:05:34.804,88198.71827387622
2025-04-22 08:04:36.748,88439.4111997744
2025-04-22 09:09:23.190,88443.79494014631
2025-04-22 10:04:52.792,88523.46935894903
2025-04-22 11:05:39.540,88555.86571149474
2025-04-22 12:00:34.600,88615.97002846011
2025-04-22 13:04:40.292,88978.81535347943
2025-04-22 14:04:38.991,90194.6121299601
2025-04-22 15:04:52.197,90772.12442241653
2025-04-22 16:09:38.900,90907.45862548235
2025-04-22 17:05:40.803,90772.46208096718
2025-04-22 18:09:08.855,91486.13734433235
2025-04-22 19:04:49.028,91502.62798566568
2025-04-22 20:09:47.284,91443.57232155654
2025-04-22 21:00:38.567,91181.31706325726
2025-04-22 22:04:55.837,92780.03301369656
2025-04-22 23:09:36.120,92890.82073039186
2025-04-23 00:04:39.568,93518.26130183092
2025-04-23 01:05:14.054,92980.77660341187
2025-04-23 02:08:21.982,92765.40196195075
2025-04-23 03:09:19.281,92861.56559827678
2025-04-23 04:09:17.111,93191.46336099145
2025-04-23 05:04:47.950,93539.16589703153
2025-04-23 06:01:08.330,93533.65711519695
2025-04-23 07:04:38.108,93680.63487801861
2025-04-23 08:09:29.580,93966.3329099382
2025-04-23 09:04:04.276,94294.96451438825
2025-04-23 10:06:57.683,93845.59854642389
2025-04-23 11:08:12.769,93715.60255843068
2025-04-23 12:04:45.244,93491.06534555122
2025-04-23 13:04:53.536,93772.95768584043
2025-04-23 14:04:59.472,93257.51177479739
2025-04-23 15:00:30.700,93028.64308888822
2025-04-23 16:04:26.279,93025.32634165006
2025-04-23 17:04:59.304,93660.67063956453
2025-04-23 18:04:55.546,93871.60137754977
2025-04-23 19:04:44.865,93702.96947748295
2025-04-23 20:04:33.892,93534.41629158678
2025-04-23 21:04:42.310,93720.32472543613
2025-04-23 22:05:59.898,93457.78218613163
2025-04-23 23:06:23.353,93775.79949419561
2025-04-24 00:05:09.302,93692.84058767844
2025-04-24 01:05:33.201,93433.21370990733
2025-04-24 02:04:52.135,93559.06623076717
2025-04-24 03:09:34.846,93177.55820369317
2025-04-24 04:06:27.582,92791.86738499445
2025-04-24 05:22:45.076,92830.13674508072
2025-04-24 06:24:09.724,92422.33360998418
2025-04-24 07:14:50.774,92481.314870863
2025-04-24 08:00:46.344,92215.58688600673
2025-04-24 09:04:47.074,91979.55746381238
2025-04-24 10:04:52.429,92439.36671109166
2025-04-24 11:04:44.572,92612.10443532834
2025-04-24 12:04:51.441,92619.17159627969
2025-04-24 13:04:57.746,92758.39429904126
2025-04-24 14:04:57.416,92792.50515530353
2025-04-24 15:09:28.467,93148.31526966579
2025-04-24 16:04:56.308,93263.62351695224
2025-04-24 17:09:48.436,93440.4683204101
2025-04-24 18:04:53.816,93008.71420843324
2025-04-24 19:04:47.205,93426.4096716433
2025-04-24 20:04:41.416,93646.9616071421
2025-04-24 21:04:09.109,93499.2338094935
2025-04-24 22:00:03.429,93368.35893682836
2025-04-24 23:01:45.573,93463.48432069764
2025-04-25 00:06:42.330,93950.39664992713
2025-04-25 01:09:27.251,93937.73291095014
2025-04-25 02:02:10.684,93724.29216200934
2025-04-25 03:07:12.949,93056.1298372759
2025-04-25 04:04:33.377,93340.28087687395
2025-04-25 05:04:50.391,93109.0023842389
2025-04-25 06:06:28.892,93263.24896812698
2025-04-25 07:00:20.630,93584.09278760613
2025-04-25 08:03:34.573,93768.70443780805
2025-04-25 09:09:35.239,93672.32266122216
2025-04-25 10:04:41.302,93826.3479104858
2025-04-25 11:02:51.869,93667.68760388183
2025-04-25 12:09:31.092,94610.85462379066
2025-04-25 13:04:42.627,94458.97869936838
2025-04-25 14:04:51.968,94489.4100285538
2025-04-25 15:04:54.616,95501.30690513337
2025-04-25 16:01:32.073,95132.21312364972
2025-04-25 17:02:18.402,95292.65874105405
2025-04-25 18:09:48.085,94715.48156893643
2025-04-25 19:04:59.896,95057.4656296913
2025-04-25 20:02:49.627,95182.4305032165
2025-04-25 21:05:59.576,94953.82159752958
2025-04-25 22:04:47.983,94682.09884824745
2025-04-25 23:04:42.984,94928.50897300708
2025-04-26 00:09:38.633,94800.21413700008
2025-04-26 01:05:32.469,94888.07294762752
2025-04-26 02:04:57.126,95066.6945668174
2025-04-26 03:04:39.206,95078.20905423805
2025-04-26 04:04:42.650,94791.3808696889
2025-04-26 05:06:35.268,94642.75101322084
2025-04-26 06:04:51.081,94671.43197965455
2025-04-26 07:00:03.751,94734.50640966927
2025-04-26 08:02:02.029,94687.45719807257
2025-04-26 09:00:22.845,94413.16016295046
2025-04-26 10:08:52.585,94272.05009027116
2025-04-26 11:08:01.761,94283.01021932048
2025-04-26 12:04:02.061,94189.89391089336
2025-04-26 13:09:40.469,94293.46684998806
2025-04-26 14:09:47.356,94103.96485256299
2025-04-26 15:09:59.427,94305.68621590677
2025-04-26 16:04:46.285,94400.20474084756
2025-04-26 17:04:44.853,94295.89439764651
2025-04-26 18:02:44.127,94356.36388475669
2025-04-26 19:08:36.883,94222.6479037988
2025-04-26 20:09:49.954,94375.50019793019
2025-04-26 21:09:07.622,94211.33026101453
2025-04-26 22:04:52.473,94379.96507670345
2025-04-26 23:02:10.001,94749.59569570786
2025-04-27 00:03:27.656,94665.59782689773
2025-04-27 01:04:56.964,94915.7893105099
2025-04-27 02:04:51.462,94305.62927021507
2025-04-27 03:04:56.347,94357.67472686237
2025-04-27 04:06:09.291,94208.71672021072
2025-04-27 05:05:15.825,94066.04042250656
2025-04-27 06:05:07.325,93935.71681033401
2025-04-27 07:01:52.282,94020.6114665585
2025-04-27 08:05:24.098,94099.61866309473
2025-04-27 09:04:57.311,94243.8134242909
2025-04-27 10:00:03.880,94186.57489664084
2025-04-27 11:06:23.248,94077.48711673608
2025-04-27 12:05:48.613,93951.79052641905
2025-04-27 13:12:35.272,93780.92738165492
2025-04-27 14:09:54.041,94056.02974497322
2025-04-27 15:03:14.675,94012.54230975345
2025-04-27 16:05:15.224,93931.92039415007
2025-04-27 17:04:49.764,93878.00807425859
2025-04-27 18:04:46.310,94058.43364934066
2025-04-27 19:08:06.269,94313.65279047523
2025-04-27 20:04:52.413,94438.10991685066
2025-04-27 21:04:55.766,94335.7782572878
2025-04-27 22:05:13.363,94386.94133688205
2025-04-27 23:09:36.186,93875.1098671888
2025-04-28 00:04:56.593,93801.93640023789
2025-04-28 01:01:33.167,93473.59896331423
2025-04-28 02:04:56.658,92972.1233992771
2025-04-28 03:04:37.908,93591.78111122278
2025-04-28 04:04:58.089,93898.55817619186
2025-04-28 05:01:09.877,94052.92982265026
2025-04-28 06:12:25.580,94337.99091792513
2025-04-28 07:09:21.027,94592.80364525352
2025-04-28 08:04:33.975,94719.80077278939
2025-04-28 09:04:36.188,94726.46121377338
2025-04-28 10:09:29.796,94753.04302427365
2025-04-28 11:02:52.487,95095.05194869367
2025-04-28 12:06:04.374,95209.88562041643
2025-04-28 13:02:53.485,95379.01155145206
2025-04-28 14:04:48.768,94160.65951029157
2025-04-28 15:07:34.634,94518.10809357835
2025-04-28 16:08:27.201,93743.29134255854
2025-04-28 17:09:40.584,93768.16716030957
2025-04-28 18:04:53.496,94088.3492259459
2025-04-28 19:09:23.238,94370.37788531507
2025-04-28 20:06:56.100,94724.26140981507
2025-04-28 21:06:37.946,94489.78433827849
2025-04-28 22:05:46.289,94524.79413287721
2025-04-28 23:09:41.062,94892.31622725037
2025-04-29 00:05:43.303,95023.30123616234
2025-04-29 01:09:19.570,95092.15593412973
2025-04-29 02:01:26.787,95037.6842700234
2025-04-29 03:04:53.530,94634.34775291583
2025-04-29 04:04:55.231,94711.85582595154
2025-04-29 05:04:53.801,94402.8475887107
2025-04-29 06:05:22.025,94309.34150552544
2025-04-29 07:04:52.243,94736.90399716885
2025-04-29 08:01:38.575,94945.88818709119
2025-04-29 09:07:57.608,95036.50761795617
2025-04-29 10:05:39.216,94982.69960125435
2025-04-29 11:04:36.095,94844.8964248396
2025-04-29 12:03:57.804,95138.9826524075
2025-04-29 13:09:38.716,94821.9984027527
2025-04-29 14:04:58.101,94844.97712552836
2025-04-29 15:09:44.671,95008.0858721801
2025-04-29 16:04:22.446,94884.37969661214
2025-04-29 17:04:37.831,95126.89727545314
2025-04-29 18:01:14.419,95246.67705322705
2025-04-29 19:03:27.598,95432.6412390394
2025-04-29 20:00:41.912,95352.38806277467
2025-04-29 21:04:57.772,94869.96433327574
2025-04-29 22:02:36.643,94734.09131013733
2025-04-29 23:06:44.527,94172.7308096848
2025-04-30 00:04:51.368,94274.73761715383
2025-04-30 01:04:49.115,94516.29757229747
2025-04-30 02:09:25.292,94518.40205174654
2025-04-30 03:09:22.839,94648.3447693538
2025-04-30 04:00:40.885,95025.12104407264
2025-04-30 05:04:36.956,95035.54414534067
2025-04-30 06:06:29.945,94946.4723594617
2025-04-30 07:19:28.119,94835.45943330207
2025-04-30 08:04:44.227,94613.33654937492
2025-04-30 09:09:14.860,94750.99713603835
2025-04-30 10:07:30.402,94918.12565036309
2025-04-30 11:06:02.959,94977.78012458209
2025-04-30 12:06:42.415,95184.3208761479
2025-04-30 13:10:00.008,94554.20540577683
2025-04-30 14:09:36.746,93438.4113920031
2025-04-30 15:02:25.834,93852.9834130323
2025-04-30 16:09:31.882,93960.92369309088
2025-04-30 17:17:26.505,93852.7884446117
2025-04-30 18:09:37.689,94160.41262165838
2025-04-30 19:07:16.214,94112.51913791492
2025-04-30 20:09:53.976,94243.79947751077
2025-04-30 21:11:53.463,94635.11580314163
2025-04-30 22:21:51.758,94558.76592370817
2025-04-30 23:18:01.486,94239.62198019015
2025-05-01 00:14:59.869,94286.27798563991
2025-05-01 01:14:58.749,94504.1218590692
2025-05-01 02:16:56.011,94747.50335326188
2025-05-01 03:17:20.198,94863.80495374925
2025-05-01 04:09:59.632,94810.38565218869
2025-05-01 05:09:48.776,94868.17338025161
2025-05-01 06:07:19.626,95122.89587391756
2025-05-01 07:17:51.299,94975.44965385088
2025-05-01 08:09:51.358,95012.07609052637
2025-05-01 09:04:52.862,95191.59290594971
2025-05-01 10:03:06.843,95605.38961340772
2025-05-01 11:00:09.466,96109.699924197
2025-05-01 12:09:51.732,96193.46052079443
2025-05-01 13:13:44.895,96401.97464348341
2025-05-01 14:04:50.727,95925.84792324655
2025-05-01 15:06:42.291,96749.27550848683
2025-05-01 16:06:39.128,97029.26431397643
2025-05-01 17:12:29.704,97176.44540379278
2025-05-01 18:03:00.814,96792.53145567431
2025-05-01 19:03:13.844,96867.06052048807
2025-05-01 20:09:55.033,96463.63976230014
2025-05-01 21:05:05.352,96468.24929711736
2025-05-01 22:09:45.915,96533.24903530022
2025-05-01 23:09:47.843,96346.4385297464
2025-05-02 00:04:58.777,96465.09077322687
2025-05-02 01:08:26.540,97068.51079800248
2025-05-02 02:08:48.436,96864.53630852731
2025-05-02 03:09:58.700,97058.54156171245
2025-05-02 04:09:45.690,97183.42883942672
2025-05-02 05:04:52.257,96951.50818834538
2025-05-02 06:05:54.675,96715.25683617221
2025-05-02 07:08:38.328,96702.21533716211
2025-05-02 08:09:22.935,96471.938225181
2025-05-02 09:04:54.234,96638.93322232095
2025-05-02 10:04:41.014,96682.78962027833
2025-05-02 11:04:58.715,96876.45142344802
2025-05-02 12:04:59.879,96955.62770097495
2025-05-02 13:12:58.239,97103.35603243245
2025-05-02 14:09:37.885,96929.04808700876
2025-05-02 15:14:44.556,97715.58382024213
2025-05-02 16:20:52.184,97576.91324468188
2025-05-02 17:14:57.972,97252.90131454506
2025-05-02 18:04:47.340,97426.94700917671
2025-05-02 19:08:57.712,97171.61991369829
2025-05-02 20:09:58.438,96984.40777110745
2025-05-02 21:13:14.153,97041.44181128644
2025-05-02 22:10:55.379,96738.11613131239
2025-05-02 23:02:04.680,96685.63911259717
2025-05-03 00:09:42.096,96932.91347341705
2025-05-03 01:06:48.961,96730.10192500369
2025-05-03 02:04:58.006,96523.60435697486
2025-05-03 03:02:38.338,96585.86635562367
2025-05-03 04:05:13.178,96399.3103307854
2025-05-03 05:09:40.638,96537.85554466437
2025-05-03 06:16:15.740,96380.04392946887
2025-05-03 07:09:52.564,96226.48114418039
2025-05-03 08:14:54.951,96219.45399678136
2025-05-03 09:04:51.719,96358.32950974852
2025-05-03 10:01:54.700,96278.3950554348
2025-05-03 11:08:07.233,95964.52767965854
2025-05-03 12:09:59.606,95976.4505745279
2025-05-03 13:11:12.443,96173.42460959752
2025-05-03 14:06:29.454,96321.3677258507
2025-05-03 15:09:40.895,96480.99719442788
2025-05-03 16:04:52.266,96425.31179505517
2025-05-03 17:02:55.295,96208.48935554299
2025-05-03 18:04:47.098,96183.72181610571
2025-05-03 19:09:37.000,96178.88564981271
2025-05-03 20:09:16.993,96392.32633421359
2025-05-03 21:04:45.803,96358.9081323945
2025-05-03 22:09:51.477,96279.18995625683
2025-05-03 23:07:00.511,96206.39898420339
2025-05-04 00:09:48.466,95911.57974109074
2025-05-04 01:04:57.525,95895.53297681686
2025-05-04 02:00:39.938,95915.88640420574
2025-05-04 03:05:33.685,95922.38712221736
2025-05-04 04:08:24.956,95806.54957964174
2025-05-04 05:04:53.891,95780.01377709549
2025-05-04 06:04:53.771,96064.91190994653
2025-05-04 07:09:44.106,95913.60802998614
2025-05-04 08:07:55.133,95922.80323598157
2025-05-04 09:09:18.829,95625.17286104144
2025-05-04 10:05:52.407,95523.33996950623
2025-05-04 11:04:49.618,95446.2718625732
2025-05-04 12:09:50.509,95458.83076597172
2025-05-04 13:07:11.495,95563.77480239843
2025-05-04 14:09:44.430,95378.85274818254
2025-05-04 15:02:32.122,95608.48318552892
2025-05-04 16:10:43.128,95525.92857480767
2025-05-04 17:14:56.238,95450.75277975168
2025-05-04 18:03:43.377,95430.42950592804
2025-05-04 19:08:10.747,95398.8923422279
2025-05-04 20:05:18.662,95578.93519558122
2025-05-04 21:09:59.302,95732.77578576689
2025-05-04 22:06:40.159,95492.48013580107
2025-05-04 23:09:08.045,94990.11188430124
2025-05-05 00:09:17.003,94303.45616731183
2025-05-05 01:08:03.382,94665.39195249154
2025-05-05 02:07:07.142,93904.08029713292
2025-05-05 03:04:42.661,94283.45228200975
2025-05-05 04:02:58.626,94081.95126956061
2025-05-05 05:09:13.551,94388.68665108354
2025-05-05 06:07:54.548,94662.83806875185
2025-05-05 07:08:27.610,94728.12709624284
2025-05-05 08:04:59.631,94736.51570501548
2025-05-05 09:04:43.070,94552.9528661461
2025-05-05 10:04:57.927,94588.80144204857
2025-05-05 11:04:58.578,94133.1803452243
2025-05-05 12:04:59.450,94088.5057159754
2025-05-05 13:12:53.495,94280.48803833337
2025-05-05 14:09:26.809,94365.43018781069
2025-05-05 15:09:50.134,93831.61281503776
2025-05-05 16:01:40.480,93724.80501461533
2025-05-05 17:09:53.544,94207.40183338308
2025-05-05 18:05:51.846,94488.70233451825
2025-05-05 19:04:51.322,94732.07505209661
2025-05-05 20:04:54.482,94381.49765604567
2025-05-05 21:04:41.432,94236.88089735083
2025-05-05 22:04:55.318,94712.89911153041
2025-05-05 23:04:48.592,95036.71686518363
2025-05-06 00:09:49.205,94719.67050036856
2025-05-06 01:08:59.992,94553.5512061966
2025-05-06 02:09:50.128,94311.76641275226
2025-05-06 03:05:39.897,94288.01718818802
2025-05-06 04:09:44.727,94409.2116200293
2025-05-06 05:05:00.064,94559.93816867477
2025-05-06 06:07:55.424,94372.28734827018
2025-05-06 07:04:58.471,94461.28594893696
2025-05-06 08:03:07.465,94408.13275180699
2025-05-06 09:04:56.196,94330.85226969632
2025-05-06 10:04:52.634,94175.29764102303
2025-05-06 11:09:22.112,93991.7353270022
2025-05-06 12:07:51.682,93846.01249611624
2025-05-06 13:09:33.248,93860.7540418781
2025-05-06 14:09:49.721,93903.87572706376
2025-05-06 15:12:04.775,94186.6533764946
2025-05-06 16:01:43.461,94551.00991495204
2025-05-06 17:04:56.579,94307.86688268195
2025-05-06 18:04:59.414,94534.4462606627
2025-05-06 19:06:58.191,95022.10980979039
2025-05-06 20:06:19.108,94954.2912644009
2025-05-06 21:07:55.007,94742.59542490661
2025-05-06 22:09:48.663,95136.89593991211
2025-05-06 23:09:28.708,96288.68626769505
2025-05-07 00:09:30.173,96815.80313214885
2025-05-07 01:09:05.761,97454.99383963464
2025-05-07 02:09:46.452,97205.98482172143
2025-05-07 03:09:40.556,96547.14987059082
2025-05-07 04:12:27.375,96556.62015334367
2025-05-07 05:24:27.734,96491.500021853
2025-05-07 06:03:44.021,96354.63080106633
2025-05-07 07:04:49.369,96538.03334234984
2025-05-07 08:09:29.916,96925.96210528578
2025-05-07 09:04:47.114,97003.63646893593
2025-05-07 10:02:41.560,96986.15290872475
2025-05-07 11:09:49.364,96986.48455649219
2025-05-07 12:02:10.150,97017.36703189345
2025-05-07 12:43:18.000,96945.04758894582
